Species,barcode01,barcode02,barcode03,barcode04,barcode05,barcode06,barcode07,barcode08,barcode09,barcode10,barcode11,barcode12,barcode13,barcode14,barcode15,barcode16,barcode17,barcode18,barcode19,barcode20
Campylobacter jejuni,180.991028442058,269.598197801976,0,260.811642543672,168.881555384445,0,0,0,0,0,0,0,0,0,0,0,0,0,0,0
Candidatus Arthromitus sp. SFB-rat-Yit,36.0107489349891,2004.75755025602,161.108268119262,0,0,0,0,0,0,0,0,0,0,0,0,0,0,0,0,0
Cellulosilyticum lentocellum,77.0230116977718,0,0,0,0,0,0,0,0,0,0,0,0,0,0,0,0,0,0,0
Clostridium disporicum,246.739401616726,0,0,0,29.7268518083393,0,0,0,0,0,312.191141738782,176.123227217841,125.778284216163,282.255397704548,80.256831663508,12.6835442532598,29.4099727502943,0,0,0
Clostridium saudiense,860.160498552233,0,32.0215189562023,13.010366164838,116.285943517103,0,0,0,0,0,13874.1285005447,9757.46230173925,7242.02580666469,11613.2800844504,2651.43141275978,247.803817284352,658.676380794378,19.0226728755324,26.0424950967196,0
Clostridium tertium,696.081587395696,0,0,0,17.0015022020331,0,0,0,0,0,402.543826700122,196.332437506043,103.973215179255,232.662441429146,47.5640996108151,0,0,0,0,0
Enterococcus cecorum,12784.7903910196,21883.9480805205,1327.29172478979,2820.34940684495,29.002544204639,0,0,0,0,0,0,0,0,0,0,0,0,0,0,0
Enterococcus faecalis,143.123150870889,0,0,0,0,16257.7950181489,20484.7673984994,19491.7851664376,18543.5528523233,9762.95709797714,0,0,0,0,0,1411.63806690456,0,0,0,0
Escherichia coli,3756.22607013967,126.047630530988,376.725885524447,27.0215297269712,0,27841.1161926918,18410.4472555767,21272.4542239098,17552.6721562524,11630.3039001375,139.33624957098,0,337.051265656356,0,21.039407864616,0,0,0,329.537726416183,716.564750150068
Faecalimicrobium dakarense,272.150936191413,0,0,0,14.4935961127554,0,0,0,0,0,0,0,0,0,0,0,0,0,0,0
Laceyella sacchari,197.959536039938,85.7585820540571,66.7329855774953,83.869698209294,65.7473599527248,65.9142148211675,65.8520791906249,61.8151607154187,149.105397778527,22.8893044377443,152.536999353841,99.2333472262032,107.33774402952,115.024690725041,130.196340240569,104.822709773328,48.0791466738958,82.9791534542392,69.9374502273034,192.84110279029
Lacticaseibacillus brantae,20.1772618510911,35.0726697345355,0,0,0,0,0,0,0,0,0,0,0,0,0,0,0,0,0,0
Lacticaseibacillus casei,209.099735153267,334.238207485257,0,0,0,0,0,0,0,0,0,0,0,0,0,0,0,0,0,0
Lacticaseibacillus pantheris,21.0141774532115,20.9291052658591,0,0,0,0,0,0,0,0,0,0,0,0,0,0,0,0,0,0
Lacticaseibacillus paracasei,19.6546386369584,30.4380621601544,0,0,0,0,0,0,0,0,0,0,0,0,0,0,0,280.334141842221,0,0
Lacticaseibacillus rhamnosus,158.426066793443,234.815633487925,0,0,0,0,0,0,0,0,0,0,0,0,0,0,0,0,0,0
Lacticaseibacillus saniviri,432.211343476477,648.762730714329,0,0,0,0,0,0,0,0,0,0,0,0,0,0,0,0,0,0
Lactobacillus acidophilus,14.8918652257721,0,0,1129.6969558448,987.445079353317,0,0,0,0,0,0,0,0,0,15.7037645875331,0,0,0,0,0
Lactobacillus amylolyticus,64.0161665607631,0,0,167.935338934056,24.55629932467,0,0,0,0,0,13.1976341623069,0,0,0,79.1922616506699,0,0,0,0,0
Lactobacillus amylovorus,965.730056756493,15.1722060847078,0,73578.2836148776,58118.407785503,0,0,0,0,0,15420.0196944731,8168.8652938531,17526.6052394725,8161.22351945493,60032.3226966138,0,0,0,0,0
Lactobacillus crispatus,72277.616179126,41156.4490436336,337.287294527492,31770.1332767136,18239.9336640415,0,0,0,0,0,0,0,0,0,18.8105858090054,0,0,0,0,0
Lactobacillus delbrueckii,2634.74554001622,14916.2909994557,58.0390031081106,4777.30206711201,93.0010017468893,0,0,0,0,0,56.1353523243677,406.877955551799,463.057418967328,172.40339611929,4956.01540765473,0,0,0,0,0
Lactobacillus gallinarum,2309.3588807208,0,0,4786.30341471814,7703.72814385719,0,0,0,0,0,0,0,0,0,0,0,0,0,0,0
Lactobacillus gasseri,18.799351095386,0,0,29.0042923298677,0,0,0,0,0,0,0,0,0,0,0,0,0,0,0,0
Lactobacillus helveticus,6213.08625887361,22.9892429963527,35.0647203732647,19722.2464383732,42620.9692365474,0,0,0,0,0,0,0,0,0,0,0,0,0,0,0
Lactobacillus intestinalis,14.3004601038518,0,0,26.6195792766153,19.4718626997983,0,0,0,0,0,0,0,0,0,0,0,0,0,0,0
Lactobacillus johnsonii,3961.06744955879,0,0,4853.28634605584,2428.92288623736,0,0,0,0,0,0,0,0,0,0,0,0,0,0,0
Lactobacillus kitasatonis,19.160176653048,0,0,4086.61558291578,3452.18719204711,0,0,0,0,0,0,0,0,0,0,0,0,0,0,0
Lactococcus raffinolactis,156.046578718286,42.0158768436626,0,12.0095688435844,15.0013157235226,0,0,0,0,0,0,0,0,0,0,0,0,0,0,0
Ligilactobacillus agilis,17503.7652982856,6055.08165524785,102.954026391118,0,0,0,0,0,0,0,0,0,0,0,0,0,0,0,0,0
Ligilactobacillus aviarius,32497.7605211791,30764.5646057528,118044.364913405,10429.9821952458,3815.062682671,0,0,0,0,0,0,0,0,0,0,0,0,0,0,0
Ligilactobacillus saerimneri,31.9067486220155,16.510770232326,0,0,14.0835096114283,0,0,0,0,0,0,0,0,0,0,0,0,0,0,0
Ligilactobacillus salivarius,32441.8461535609,17710.7049577508,1427.83511307641,1086.60323839881,287.266325716216,0,0,0,0,0,0,0,0,0,0,0,0,0,0,0
Limosilactobacillus antri,56.7769310023191,0,0,211.629587405432,149.65907492173,0,0,0,0,0,0,0,0,0,0,0,0,0,0,0
Limosilactobacillus coleohominis,473.165059477089,611.926484875378,0,1211.48347274219,1240.60013376893,0,0,0,0,0,0,0,0,0,11.0206456052069,0,0,0,0,0
Limosilactobacillus frumenti,456.714682952771,353.026665608084,0,1281.24842787669,820.037419873173,0,0,0,0,0,0,0,0,0,0,0,0,0,0,0
Limosilactobacillus ingluviei,5334.21452117394,4287.59872087853,30.020174021433,1254.89411292158,0,0,0,0,0,0,0,0,0,0,0,0,0,0,0,0
Limosilactobacillus mucosae,2754.78608637503,6360.13896725102,0,5920.73822280624,2577.35254709297,0,0,0,0,0,261.630343441183,702.364963277495,465.130735110057,606.418922520465,928.73957573805,0,0,0,0,0
Limosilactobacillus oris,2535.59784027285,1250.40416373476,0,2892.88042013808,2626.55263481358,0,0,0,0,0,0,0,0,0,0,0,0,0,0,0
Limosilactobacillus panis,397.992470302879,248.351704179554,0,2296.29889417169,1631.94506009763,0,0,0,0,0,0,0,0,0,0,0,0,0,0,0
Limosilactobacillus reuteri,316.306149549891,1654.98940870925,0,2191.41879147552,587.643351234104,0,0,0,0,0,194.352882622057,694.352586240363,37.8268371555325,50.1172663240053,3726.13983705018,0,0,0,0,0
Limosilactobacillus secaliphilus,56.6948767434244,45.1250088825272,0,339.435510653396,136.390407994559,0,0,0,0,0,0,0,0,0,0,0,0,0,0,0
Limosilactobacillus vaginalis,2086.32994646366,1498.67384249584,0,9969.07655925527,9923.52654057227,0,0,0,0,0,36.089246608777,0,107.040452752414,0,394.752552912261,0,0,0,0,0
Loigolactobacillus backii,25.3165838315361,24.5334569991239,0,0,0,0,0,0,0,0,0,0,0,0,0,0,0,0,0,0
Loigolactobacillus coryniformis,24.5211554047942,25.5410578322103,0,0,0,0,0,0,0,0,0,0,0,0,0,0,0,0,0,0
Paraclostridium sordellii,17.3428103716899,0,0,0,0,0,0,0,0,0,0,0,0,0,0,13.0244334190659,0,0,0,0
Pediococcus acidilactici,11.9513940270799,29.5415240590755,0,0,0,0,0,0,0,0,0,0,0,0,0,0,0,0,0,0
Romboutsia ilealis,14422.2485701134,243.375871341118,0,21.1147490855185,410.026808349776,0,0,0,0,0,0,0,0,0,0,0,0,0,0,0
Romboutsia timonensis,16485.4406790621,300.829921255916,0,51.6800823196524,686.553865634152,0,0,0,0,0,129.844540659596,381.591840466426,329.574317483169,113.322170896221,59.1779135013878,316.60137475632,15202.2015292663,1932.97923528251,1868.73133857885,0
Streptococcus acidominimus,27.3279143474139,0,0,0,0,0,0,0,0,0,0,0,0,0,0,0,0,0,0,0
Streptococcus alactolyticus,792.610252309559,61.3222112857144,0,0,0,0,0,0,0,0,68920.9052743097,36408.2092561441,33840.769604744,18195.1657616441,14444.9263115055,0,0,0,0,0
Streptococcus gallolyticus,23.7076124131155,0,0,0,0,0,0,0,0,0,597.22799094101,218.314410304329,87.1126425850571,485.460355529775,102.490302490953,0,0,0,0,0
Streptococcus pluranimalium,159.727920398224,82.0309976471508,0,0,0,0,0,0,0,0,0,0,0,0,0,0,0,0,0,0
Terrisporobacter glycolicus,11.2504361111079,0,0,0,0,0,0,0,0,0,0,0,0,0,0,0,0,0,0,0
Terrisporobacter mayombei,12.7137262243226,0,0,0,0,0,0,0,0,0,4511.90561271215,4815.30989566281,2656.32885479108,3925.10889874976,1077.69782478625,132.232878387584,1149.97287766128,21.3500880802293,94.6063601629422,0
Turicibacter sp. H121,143.325111755543,0,0,0,0,0,0,0,0,0,12.0290115393645,12.0233659975264,43.104768724937,0,0,16.0300700315208,58.1763972384708,0,0,0
Aerococcus urinaeequi,0,12.0045362410465,0,20.0159479459046,0,0,0,0,0,0,0,0,0,0,0,0,0,0,0,0
Lentilactobacillus buchneri,0,14.4354904947181,0,0,0,0,0,0,0,0,0,0,0,0,0,0,0,0,0,0
Trichococcus pasteurii,0,11.0041582209593,0,0,0,0,0,0,0,0,0,0,0,0,0,0,0,0,0,0
Shigella dysenteriae,0,0,21.5543721301389,0,0,93.9019513687097,146.56264097604,110.048051127525,112.852676820842,109.951736623994,0,0,11.796745224297,0,0,0,0,0,0,0
Anaerobutyricum hallii,0,0,0,25.0199349323807,0,0,0,0,0,0,735.842250150759,1117.51426729152,790.604389460862,666.59402078248,866.7065170367,11172.204041386,6950.99375056921,14347.2511361861,21325.2511987584,2946.17042918347
Blautia glucerasea,0,0,0,164.503156630359,0,0,0,0,0,0,307.900803171556,365.41152772146,360.29679900481,671.82814838228,503.483354976423,2277.87686333208,457.797425515801,1341.21566976351,2279.31277296531,1085.03222935995
Blautia hydrogenotrophica,0,0,0,15.8578189892546,0,0,0,0,0,0,0,0,0,0,0,0,0,0,0,0
Blautia producta,0,0,0,57.5132691010841,0,0,0,0,0,0,674.325625852888,295.094648063925,1016.793792434,548.929270839289,539.03720276932,799.398014928148,27.391157762559,73.4754552897027,138.534696863503,75.6781896312948
Blautia pseudococcoides,0,0,0,23.1521520210273,0,0,0,0,0,0,28.4876647506141,83.3120556766021,138.919429676648,50.8981469453395,64.3819526326484,271.482065904697,0,38.0375726975547,26.4372578418775,0
Blautia sp. SC05B48,0,0,0,17.2170570581859,0,0,0,0,0,0,1135.68329377228,2141.84849874116,1441.32113521369,3243.38816039895,1639.51885338639,8791.38864246652,10521.7399666658,10080.9150830283,21551.4045907331,18910.6004209191
Drancourtella massiliensis,0,0,0,19.0100009496531,0,0,0,0,0,0,0,0,0,0,0,0,0,0,12.0205690469685,0
Enterococcus columbae,0,0,0,14.8137194896857,0,0,0,0,0,0,0,0,0,0,0,0,0,0,0,0
Gemmiger formicilis,0,0,0,49.3560987571555,0,0,0,0,0,0,4038.17183548468,7121.41312895672,7758.99904224344,2136.84517259184,5432.86367770106,5129.64423390128,5415.20739676064,208.248208321617,0,1699.05375479294
Lachnoclostridium phocaeense,0,0,0,30.8046644415068,0,0,0,0,0,0,0,0,0,0,0,0,0,0,0,0
Lactobacillus jensenii,0,0,0,10.7450944712691,0,0,0,0,0,0,0,0,0,0,0,0,0,0,0,0
Lactobacillus kalixensis,0,0,0,16.8527132156254,0,0,0,0,0,0,0,0,0,0,0,0,0,0,0,0
Lactobacillus psittaci,0,0,0,151.973986038928,140.479207031751,0,0,0,0,0,0,0,0,0,0,0,0,0,0,0
Massilistercora timonensis,0,0,0,60.1961138722924,0,0,0,0,0,0,0,0,0,0,0,0,0,0,0,0
Mediterraneibacter glycyrrhizinilyticus,0,0,0,51.1177156221369,0,0,0,0,0,0,26.2918563131388,22.1817663784496,51.3601529460164,23.4323323181754,14.2087080959094,0,0,0,294.654916750116,32.0253311740618
Monoglobus pectinilyticus,0,0,0,15.0119609594284,0,0,0,0,0,0,391.608073187645,286.043608167343,448.428125200506,478.620120087813,368.5093491267,677.491000752869,571.920686013068,2972.78650159886,866.54216923438,1021.84831406061
Peptococcus niger,0,0,0,139.110838223114,0,0,0,0,0,0,1294.12115868757,528.026157012926,726.766689334693,521.219569769655,550.030234182715,0,0,0,0,0
Phascolarctobacterium faecium,0,0,0,13.010366164838,0,0,0,0,0,0,0,0,0,0,0,1953.21081028798,11.0334546486755,0,0,0
Subdoligranulum variabile,0,0,0,63.7340071372054,0,0,0,0,0,0,0,18.7377933717648,13.1255333213019,45.565780326984,0,0,46.9116483677052,0,0,0
Limosilactobacillus pontis,0,0,0,0,430.056610351115,0,0,0,0,0,302.653255902099,0,675.660768451665,0,1568.21617992734,0,0,0,0,0
Bacillus amyloliquefaciens,0,0,0,0,0,22.8674068327717,0,21.0228260476617,30.5954830529718,0,0,0,0,0,0,0,0,0,0,0
Bacillus atrophaeus,0,0,0,0,0,15.1377379840905,13.4961187477716,11.161083459164,21.5294190244487,0,0,0,0,0,0,0,0,0,0,0
Bacillus halotolerans,0,0,0,0,0,128.267935875643,136.346951503772,176.417923371275,225.436556477664,80.2708172619801,0,0,0,0,0,0,0,0,0,0
Bacillus subtilis,0,0,0,0,0,25556.1115923142,31120.2343351967,29956.8977110326,27962.2453968112,12552.6480089189,0,0,0,0,0,0,0,0,0,0
Bacillus velezensis,0,0,0,0,0,34.74582772315,53.5339671888917,50.8912543027778,50.0777979630437,26.1077543051197,0,0,0,0,0,0,0,0,0,0
Citrobacter koseri,0,0,0,0,0,31.9531570431858,10.0690423812841,22.5695420929575,14.6256329796254,13.2314162443379,0,0,0,0,0,0,0,0,0,0
Limosilactobacillus fermentum,0,0,0,0,0,27468.9983683123,24558.850035103,27321.5975751987,21941.4941531198,13910.8369725522,0,0,0,0,0,0,0,0,0,0
Listeria ivanovii,0,0,0,0,0,22.0968749035273,29.1495288200705,32.2411034106649,32.6152689226908,11.8006106072671,0,0,0,0,0,0,0,0,0,0
Listeria monocytogenes,0,0,0,0,0,25109.239950534,29759.0506181454,28901.0064784568,29171.6761343267,14421.2607349298,0,0,0,0,0,0,0,0,0,0
Mammaliicoccus sciuri,0,0,0,0,0,12.880228987004,0,0,15.3825676124565,0,0,0,0,0,0,0,0,0,0,0
Pseudomonas aeruginosa,0,0,0,0,0,4070.96159012503,1429.24986791255,2135.88016161435,1461.65109596184,1256.25093585717,0,0,0,0,0,0,0,0,0,0
Salmonella enterica,0,0,0,0,0,31253.5529439039,21031.6491644043,23670.1236188552,18987.3467026173,13329.5263938875,0,0,0,0,0,0,0,0,0,0
Shigella flexneri,0,0,0,0,0,207.720385782857,133.487198360471,196.412659683226,151.143107430927,75.9670168176588,0,0,0,0,0,0,0,0,0,0
Staphylococcus aureus,0,0,0,0,0,28673.059779931,36118.2917958469,33902.9988754994,32905.5477173015,17896.2322455465,0,0,0,0,0,0,0,0,0,0
Staphylococcus haemolyticus,0,0,0,0,0,11.2393802148159,0,0,19.2479511585262,0,0,0,0,0,0,0,0,0,0,0
Staphylococcus lugdunensis,0,0,0,0,0,18.439462502456,17.9620021457898,19.3215915817651,26.201932063574,18.7650538951219,0,0,0,0,0,0,0,0,0,0
Staphylococcus petrasii,0,0,0,0,0,0,0,23.3549932039357,0,0,0,0,0,0,0,0,0,0,0,0
Acetanaerobacterium elongatum,0,0,0,0,0,0,0,0,0,0,17.3477621628831,0,19.2581617979836,12.9312370486226,0,18.3273117321941,0,0,0,0
Acetivibrio aldrichii,0,0,0,0,0,0,0,0,0,0,240.399345554411,204.595603602663,313.888275126121,197.078142053482,1404.48663675036,1667.94450841565,14.5979270377245,126.54929085406,0,0
Acetivibrio alkalicellulosi,0,0,0,0,0,0,0,0,0,0,140.933004122444,91.1972952776944,151.277663783347,194.352908540814,351.302901768972,2128.42037721701,11.5253260010651,117.768715810122,0,0
Acetivibrio cellulolyticus,0,0,0,0,0,0,0,0,0,0,101.374198433636,75.6797076865496,129.867075194431,102.834701804105,412.166122886492,1042.42851055007,0,105.469831778293,0,0
Acetivibrio clariflavus,0,0,0,0,0,0,0,0,0,0,30.3124178658109,52.0671667410348,54.2103773701385,28.1394518173601,28.6791424568329,3150.99674700423,34.4323990689293,111.050543395811,28.6783494154207,25.2627773534728
Acetivibrio saccincola,0,0,0,0,0,0,0,0,0,0,57.2817114313828,58.3970817425797,99.850553554616,106.992150088435,110.835844480648,2023.77374590417,0,0,0,0
Acetivibrio straminisolvens,0,0,0,0,0,0,0,0,0,0,18.7056065159943,20.5974972457578,39.6024438634556,16.8019274289579,0,917.801241638715,20.6180870240614,46.3727545306194,33.5749598939912,17.4672315269603
Acetivibrio thermocellus,0,0,0,0,0,0,0,0,0,0,205.449967424796,29.0078941921206,55.9400780770971,45.8998206678187,21.6737714073308,1300.52812228267,28.3284194270812,0,0,17.3352149830579
Acidaminobacter hydrogenoformans,0,0,0,0,0,0,0,0,0,0,65.3604068214724,0,36.9696385485721,0,0,40.9847450839627,0,0,0,0
Acidaminococcus fermentans,0,0,0,0,0,0,0,0,0,0,248.595418507523,524.01836805886,257.626260908988,719.683944412717,532.998340627643,0,0,0,0,0
Acidothermus cellulolyticus,0,0,0,0,0,0,0,0,0,0,60.1629640294939,0,0,0,0,0,0,0,0,0
Acutalibacter muris,0,0,0,0,0,0,0,0,0,0,107.237592055815,44.7658388632671,52.1997397210203,84.6777656983576,70.2215631960098,96.3367499416003,0,0,0,0
Agathobacter rectalis,0,0,0,0,0,0,0,0,0,0,136.250809117773,6456.29401420224,7474.62478290838,1588.61918739534,1964.09270633277,453.121843645691,4003.85449460586,454.846612473917,155.76052192149,0
Agathobaculum butyriciproducens,0,0,0,0,0,0,0,0,0,0,22.8841379602107,271.211797430529,168.885722358546,51.4559848257368,193.171243305504,629.366095634643,302.79640927785,3678.75241203774,484.100531967831,181.937051001458
Alistipes dispar,0,0,0,0,0,0,0,0,0,0,30.9155785593428,0,0,0,0,0,0,0,0,0
Alistipes finegoldii,0,0,0,0,0,0,0,0,0,0,24.2567219669382,0,0,0,0,0,0,0,0,0
Alkalitalea saponilacus,0,0,0,0,0,0,0,0,0,0,145.630685709678,0,0,48.704803374148,0,0,0,0,0,0
Allofournierella massiliensis,0,0,0,0,0,0,0,0,0,0,32.3492834524163,118.19395786619,163.868322662234,80.8645225479789,66.6036562472619,60.3784594182909,0,0,0,0
Aminicella lysinilytica,0,0,0,0,0,0,0,0,0,0,18.0866486147482,19.1976456332771,0,19.1496524952474,29.6007632591587,0,0,0,0,0
Aminipila butyrica,0,0,0,0,0,0,0,0,0,0,111.725026559841,0,30.8488015432537,43.4481873696387,20.4750117445168,60.3320859009572,21.6122693517623,0,0,0
Aminipila luticellarii,0,0,0,0,0,0,0,0,0,0,29.193449032893,15.0493235192268,44.9393948535563,79.3490029340372,19.7481471394205,51.6494701457135,11.3667446546552,0,25.6384136300596,0
Anaerocella delicata,0,0,0,0,0,0,0,0,0,0,1240.99302860656,0,0,0,0,0,0,0,0,0
Anaerocolumna cellulosilytica,0,0,0,0,0,0,0,0,0,0,64.9660271423383,24.3248442846016,0,194.169615565518,33.6064119613721,47.3370653925607,0,0,0,0
Anaerofustis stercorihominis,0,0,0,0,0,0,0,0,0,0,12.0290115448147,0,0,0,0,0,0,0,11.017978694766,0
Anaeromassilibacillus senegalensis,0,0,0,0,0,0,0,0,0,0,1029.14371003312,201.633873609861,238.29452279964,544.25756318002,222.748215413883,1288.54613326936,139.682805798472,0,24.0379883754637,33.0260289217774
Anaerostipes hadrus,0,0,0,0,0,0,0,0,0,0,17.5715161379148,117.779968147563,67.3674522697173,29.49915225374,208.735019687968,4258.88960203787,1796.43405890915,5469.70580576428,4591.52418061864,334.129633092923
Anaerotaenia torta,0,0,0,0,0,0,0,0,0,0,48.5626998104394,170.588165253945,55.0037401032256,138.253630966882,228.938999101375,43.8782237776273,0,31.945123940786,0,0
Anaerotignum faecicola,0,0,0,0,0,0,0,0,0,0,17.0410991211038,25.0203984051076,47.3243166850061,19.0445612384177,0,99.9435209746513,0,0,0,0
Anaerotruncus rubiinfantis,0,0,0,0,0,0,0,0,0,0,227.282778258032,148.020447368666,68.8426783853247,197.208457819752,102.362320050622,338.887089358738,0,0,0,31.5021624521977
Anaerovibrio lipolyticus,0,0,0,0,0,0,0,0,0,0,73.1766292990877,2280.89404655228,2267.15219054044,1737.33892227888,1193.12400854658,0,0,0,0,0
Anaerovorax odorimutans,0,0,0,0,0,0,0,0,0,0,25.9507471053206,20.4408735562924,28.4825731824038,18.5575393720419,14.4824672461778,121.821993468773,61.2212545064859,0,13.2674667322875,0
Aureliella helgolandensis,0,0,0,0,0,0,0,0,0,0,17.9054414308532,0,0,21.7883873479665,0,0,0,0,0,0
Bacteroidales bacterium CF,0,0,0,0,0,0,0,0,0,0,6611.39119078989,1516.94558072393,1970.79121193003,2973.5545703803,1159.17118243545,0,0,0,0,0
Bacteroides gallinaceum,0,0,0,0,0,0,0,0,0,0,23.0702267276376,0,0,0,0,0,0,0,0,0
Bariatricus massiliensis,0,0,0,0,0,0,0,0,0,0,1040.54676350395,250.70855388749,538.466295151953,778.119077619514,280.586713574239,12.8903774696676,0,0,0,0
Barnesiella intestinihominis,0,0,0,0,0,0,0,0,0,0,25.5049188666843,26.0803031769469,23.6053551688379,29.8093673023003,0,86.1616264194242,0,0,0,0
Barnesiella viscericola,0,0,0,0,0,0,0,0,0,0,431.752034604723,177.028523432144,250.635719980299,324.479910676213,144.239473016382,0,0,0,0,0
Blautia luti,0,0,0,0,0,0,0,0,0,0,507.289906751977,2000.93118311049,1517.72228840625,1392.12089893925,2425.12423337664,4580.2376466568,5448.21715030156,9255.27179258975,17665.5871045022,73727.9092047749
Blautia marasmi,0,0,0,0,0,0,0,0,0,0,18.8137647628849,15.428890141739,43.0861594668479,0,22.7706398154683,89.7809260858437,0,0,0,0
Blautia obeum,0,0,0,0,0,0,0,0,0,0,214.909519526846,461.083434555727,443.925132733977,328.73064492912,182.943316077223,1277.80826311181,5402.07118391076,1594.48251236282,1338.89589026779,4453.99244592481
Blautia schinkii,0,0,0,0,0,0,0,0,0,0,31.5707047921415,16.305346504657,10.9996287212707,45.6016797268465,26.732112199437,39.7492858612817,0,0,0,0
Blautia stercoris,0,0,0,0,0,0,0,0,0,0,14.3667155638792,11.4685345835628,21.6212982924487,0,21.4926407219842,477.957594808542,0,0,0,0
Blautia wexlerae,0,0,0,0,0,0,0,0,0,0,20.456603113879,98.1923924904792,126.505835077301,67.1716157035634,93.1171239417582,1336.84856766175,5671.265108708,28561.546168798,38200.3781867228,68137.9069193136
Breznakia pachnodae,0,0,0,0,0,0,0,0,0,0,20.0425585336334,0,0,0,20.0379550703799,161.181140467177,0,0,0,0
Bulleidia extructa,0,0,0,0,0,0,0,0,0,0,20.3139035498914,53.2083169569087,12.0318110315484,20.5879209110896,22.0355952732827,0,0,0,0,0
Butyricicoccus faecihominis,0,0,0,0,0,0,0,0,0,0,17.3123062920214,226.789219076934,155.179623707832,93.8684403023541,169.732609683581,1048.14295997078,130.517446044061,853.696388485136,685.376313818683,196.368731071828
Butyricicoccus pullicaecorum,0,0,0,0,0,0,0,0,0,0,688.116440866283,582.920062136821,551.049692457955,625.628198708029,427.641209055932,433.551024621957,0,0,0,0
Butyricimonas faecalis,0,0,0,0,0,0,0,0,0,0,28.2610813639079,0,0,0,0,0,0,0,0,0
Butyricimonas faecihominis,0,0,0,0,0,0,0,0,0,0,48.7335846689629,0,0,27.5065324847144,0,0,0,0,0,0
Butyricimonas paravirosa,0,0,0,0,0,0,0,0,0,0,135.929234357113,0,0,13.4698530210828,0,0,0,0,0,0
Butyricimonas virosa,0,0,0,0,0,0,0,0,0,0,390.392877650472,0,0,92.3645583065272,0,0,0,0,0,0
Butyrivibrio fibrisolvens,0,0,0,0,0,0,0,0,0,0,30.4741034635531,0,17.1968430500705,0,0,0,0,0,0,0
Butyrivibrio hungatei,0,0,0,0,0,0,0,0,0,0,223.415858064456,0,0,72.7676971022927,26.0489251680933,0,0,0,0,0
Butyrivibrio proteoclasticus,0,0,0,0,0,0,0,0,0,0,33.9932324811541,0,0,0,0,0,0,0,0,0
Caldicoprobacter algeriensis,0,0,0,0,0,0,0,0,0,0,19.4163308015907,0,0,0,0,0,0,0,0,0
Caldicoprobacter faecalis,0,0,0,0,0,0,0,0,0,0,95.6596790296116,14.5198395655836,37.4030220601834,33.6284316022414,0,58.8880837722364,0,0,0,0
Caloramator australicus,0,0,0,0,0,0,0,0,0,0,25.1288147753804,0,0,0,0,0,0,0,0,0
Caloramator fervidus,0,0,0,0,0,0,0,0,0,0,38.4384975275015,0,13.8430607549317,0,0,0,0,0,0,0
Caloramator sp. E03,0,0,0,0,0,0,0,0,0,0,16.834698431943,0,0,0,0,0,0,0,0,0
Campylobacter lanienae,0,0,0,0,0,0,0,0,0,0,423.020239323064,0,0,61.1430649152865,0,0,0,0,0,0
Candidatus Formimonas warabiya,0,0,0,0,0,0,0,0,0,0,42.5016734077344,0,17.0922517350618,23.8678732730653,14.0262756677552,41.476030243819,0,0,0,0
Caproiciproducens galactitolivorans,0,0,0,0,0,0,0,0,0,0,157.490581315319,273.430112994452,80.4764423622226,78.6625843908452,73.2378392078769,281.546077470902,0,0,0,0
Caproiciproducens sp. NJN-50,0,0,0,0,0,0,0,0,0,0,262.153229766697,150.463483934141,235.143474707565,95.2178316010666,64.7500740904471,768.184486223965,12.0665302169077,0,0,0
Casaltella massiliensis,0,0,0,0,0,0,0,0,0,0,57.7381316833079,0,0,11.7886621512846,0,0,0,0,293.490209303971,0
Catenibacterium mitsuokai,0,0,0,0,0,0,0,0,0,0,21.0507702032804,112.21808264358,51.1242774566474,106.248604606891,63.118223593848,0,89.2706785211018,0,0,0
Christensenella hongkongensis,0,0,0,0,0,0,0,0,0,0,185.864958959742,57.8457427273118,32.3664274961926,66.6882188238072,44.966896119521,170.722317819566,0,0,0,0
Christensenella massiliensis,0,0,0,0,0,0,0,0,0,0,1728.06823038775,322.10414697185,106.093771431031,802.582451075827,214.333382999951,338.233657990395,0,0,0,0
Christensenella minuta,0,0,0,0,0,0,0,0,0,0,1748.3053313946,236.280428013807,70.4195260715244,721.272229284363,148.094942097672,438.62177171904,0,0,0,0
Christensenella timonensis,0,0,0,0,0,0,0,0,0,0,433.561613195901,33.7898213747495,29.9354327902342,92.8604769051596,32.8493015466884,106.092206620976,0,0,0,0
Clostridiales bacterium,0,0,0,0,0,0,0,0,0,0,57.0682877768576,0,0,0,0,15.5127309240115,0,0,0,0
Clostridiales bacterium CCNA10,0,0,0,0,0,0,0,0,0,0,188.339871310108,33.7754620666695,47.4353765935915,97.4699858544149,38.3924291935243,60.5736131293266,0,0,0,0
Clostridium argentinense,0,0,0,0,0,0,0,0,0,0,33.0251236477586,0,18.295900397739,0,0,63.095120437148,0,0,0,0
Clostridium baratii,0,0,0,0,0,0,0,0,0,0,189.779990274221,182.653891976779,1292.81035726199,417.147827220004,19.8943282988371,0,0,0,0,0
Clostridium beijerinckii,0,0,0,0,0,0,0,0,0,0,31.3553430986635,193.367758270768,63.4377374675871,51.1846649107064,0,0,0,0,0,0
Clostridium butyricum,0,0,0,0,0,0,0,0,0,0,424.828473555132,365.940065797854,188.642302752771,427.60832057237,118.951515491597,0,0,0,0,0
Clostridium chartatabidum,0,0,0,0,0,0,0,0,0,0,22.6487656148103,969.887813232855,74.3664279789192,18.2615886555006,16.023116030395,0,0,0,0,0
Clostridium isatidis,0,0,0,0,0,0,0,0,0,0,72.3591729967384,20.1023693810594,0,41.2617816893385,0,0,0,0,0,0
Clostridium merdae,0,0,0,0,0,0,0,0,0,0,264.933287475963,85.1977470390661,222.00732343159,187.739092840597,46.8322731259303,380.975890841361,19.4256675207348,0,0,0
Clostridium paraputrificum,0,0,0,0,0,0,0,0,0,0,81.0650653289864,143.989255316901,58.9797857718009,89.4221387838491,92.3353545186093,0,0,0,0,0
Clostridium pascui,0,0,0,0,0,0,0,0,0,0,20.9588270815396,0,0,0,0,0,0,0,0,0
Clostridium pasteurianum,0,0,0,0,0,0,0,0,0,0,12.4832660772724,0,0,0,0,17.478399226805,0,0,0,0
Clostridium saccharoperbutylacetonicum,0,0,0,0,0,0,0,0,0,0,23.7976761097123,122.528769841116,16.3949621221797,29.9913962187467,17.2456870522698,0,0,0,0,0
Clostridium sardiniense,0,0,0,0,0,0,0,0,0,0,106.332539611692,83.7225501644438,741.13258469675,55.9599534583488,13.1677523085509,0,0,0,0,0
Clostridium septicum,0,0,0,0,0,0,0,0,0,0,25.802372885096,0,0,0,0,0,0,0,0,0
Clostridium sp. BNL1100,0,0,0,0,0,0,0,0,0,0,147.655419281824,307.120186156195,419.105151962677,198.431545736038,652.031704336792,2780.54208478807,17.8053517892594,0,0,0
Clostridium sp. SY8519,0,0,0,0,0,0,0,0,0,0,22.9282430228621,27.4610426027254,36.4323629997364,82.7195544856754,33.1622502243328,0,0,0,14.0228819767398,0
Clostridium subterminale,0,0,0,0,0,0,0,0,0,0,18.503223645557,0,0,0,0,46.5630534778633,0,0,0,0
Clostridium thermosuccinogenes,0,0,0,0,0,0,0,0,0,0,198.140988296923,110.718133641767,181.692298018384,217.313686253775,603.757577386581,3863.16779976091,21.7641779938505,124.937183067901,0,0
Cohnella candidum,0,0,0,0,0,0,0,0,0,0,27.4717636694416,0,0,0,0,0,0,0,0,0
Colidextribacter massiliensis,0,0,0,0,0,0,0,0,0,0,459.490859039676,234.650433812141,224.539996585912,237.524345467049,114.269604738646,685.61476683797,0,0,0,0
Collinsella aerofaciens,0,0,0,0,0,0,0,0,0,0,28.0668234206016,0,0,13.0364053074039,0,15.0281906545507,88.267637189404,0,117.373955397882,11.0086763167074
Coprococcus catus,0,0,0,0,0,0,0,0,0,0,374.857928056497,313.445863499942,1039.52002144664,80.1876261184085,367.68869899869,376.753296551939,1140.45799414037,0,0,57.7651897631209
Coprococcus comes,0,0,0,0,0,0,0,0,0,0,1365.40847587603,364.132996274379,672.104554028709,619.05479742938,390.744486812409,265.685255888722,774.409426516889,0,0,370.309195646811
Coprococcus eutactus,0,0,0,0,0,0,0,0,0,0,14.4277037882104,193.665013874547,61.1991769459741,136.154024118629,119.002557933361,454.608493167114,228.301538748554,0,0,12.0094659025906
Crassaminicella thermophila,0,0,0,0,0,0,0,0,0,0,53.8387530694049,0,0,0,0,27.3629880092465,0,0,0,0
Cryptanaerobacter phenolicus,0,0,0,0,0,0,0,0,0,0,39.332902205037,0,0,0,0,0,0,0,0,0
Culturomica massiliensis,0,0,0,0,0,0,0,0,0,0,12.6457990444509,0,0,0,0,0,0,0,0,0
Cuneatibacter caecimuris,0,0,0,0,0,0,0,0,0,0,38.8312579372146,59.0000563918092,164.291630071161,31.4420939683687,76.1027263961778,45.3859487822115,13.7504972745817,0,0,24.7676651793518
Dehalobacterium formicoaceticum,0,0,0,0,0,0,0,0,0,0,28.669978231928,0,10.9759790254505,17.2282851126191,0,17.6348529974138,0,0,0,0
Desulfoscipio gibsoniae,0,0,0,0,0,0,0,0,0,0,37.0176583520064,0,0,0,0,0,0,0,0,0
Desulfovibrio desulfuricans,0,0,0,0,0,0,0,0,0,0,128.309456477501,0,36.7781132105123,0,0,0,0,0,0,0
Dialister hominis,0,0,0,0,0,0,0,0,0,0,355.343300609512,351.996335895619,198.476056621691,519.761176281144,397.413433510338,185.759374149886,0,0,0,0
Dialister massiliensis,0,0,0,0,0,0,0,0,0,0,694.443228680609,1139.33544099059,764.835964164801,1735.28367111209,1544.52277432574,1100.65371703042,0,0,0,0
Dialister succinatiphilus,0,0,0,0,0,0,0,0,0,0,1760.64199285174,2883.67132778054,1392.42951786099,1886.64604162256,4400.04458968178,0,0,0,0,0
Dorea formicigenerans,0,0,0,0,0,0,0,0,0,0,43.1039580352885,291.151592980291,184.436396896934,159.372944293657,296.312219973611,1685.0966287634,1462.22802837795,1891.75055688528,1819.70259689906,1655.34343438966
Dorea longicatena,0,0,0,0,0,0,0,0,0,0,25.0604407182516,847.076873830653,856.203595564682,508.189083437961,917.958759344993,4321.10152522453,4510.52338517204,5952.95365267391,2669.41868222938,199.791597990189
Duncaniella sp. B8,0,0,0,0,0,0,0,0,0,0,456.452676791251,55.5809967794211,184.226831415663,254.884761281924,41.6209207171455,17.0319494084908,0,0,0,0
Dysosmobacter welbionis,0,0,0,0,0,0,0,0,0,0,2804.69789467495,773.069745789922,2026.76626172387,1606.63918517531,875.110243454667,2066.10439575523,50.665058721012,22.026252803248,34.9256523583497,88.9736811062449
Egibacter rhizosphaerae,0,0,0,0,0,0,0,0,0,0,68.2511026662154,0,0,0,0,0,0,0,0,0
Eisenbergiella massiliensis,0,0,0,0,0,0,0,0,0,0,66.6465593425623,20.4836555336826,36.4314343550426,86.5606713706451,40.6847936564836,15.5728730676891,20.3908638592635,289.248514709021,25.328575736602,0
Emergencia timonensis,0,0,0,0,0,0,0,0,0,0,423.134382402549,169.16760188008,198.377808228889,327.232189661979,206.166154409692,10.7752469652674,0,0,0,0
Enterocloster bolteae,0,0,0,0,0,0,0,0,0,0,50.9779668560176,161.660262518006,228.242567812439,111.12545813827,152.725527934762,272.876929975204,46.6612439000265,699.150065703499,500.819400850332,852.68545017706
Ethanoligenens harbinense,0,0,0,0,0,0,0,0,0,0,60.0088994580884,19.1257474217761,31.880645894167,37.8452759681221,38.0156512887289,69.6273438709848,0,0,0,0
Eubacterium coprostanoligenes,0,0,0,0,0,0,0,0,0,0,843.445309755473,508.480950778124,516.660011474352,920.275217322812,640.041464183504,2138.87210531582,403.522059100873,0,2064.98851781382,0
Eubacterium limosum,0,0,0,0,0,0,0,0,0,0,38.2935232817217,0,0,21.9787771528887,0,35.1218186514497,0,0,0,0
Eubacterium oxidoreducens,0,0,0,0,0,0,0,0,0,0,93.174783868535,157.321687721457,101.135536810611,383.453603095888,251.351992994325,52.6496350373884,0,0,0,0
Eubacterium pyruvativorans,0,0,0,0,0,0,0,0,0,0,779.837783852453,161.152844329618,20.0487362575088,272.53308212188,286.992231275063,0,0,0,0,0
Eubacterium ruminantium,0,0,0,0,0,0,0,0,0,0,51.7458300507993,217.462683535755,41.1086192449609,51.0255848165604,606.72847938417,0,0,0,0,0
Eubacterium ventriosum,0,0,0,0,0,0,0,0,0,0,14.0362072079049,12.0060282483297,29.0756877908193,11.1046764140052,15.0281505693666,404.641705067829,132.416631411316,77.0920757665463,0,0
Eubacterium xylanophilum,0,0,0,0,0,0,0,0,0,0,311.810921710776,397.347516917254,114.277796577297,127.544417759415,34.2106732593741,842.230758513791,0,0,0,0
Faecalibacterium prausnitzii,0,0,0,0,0,0,0,0,0,0,272.56201138743,2195.14857283392,1424.60839907412,1881.66596748177,2493.09376690422,4554.24540471552,9645.77322127934,20815.8747146444,197.321982071452,69699.0931387604
Faecalicatena fissicatena,0,0,0,0,0,0,0,0,0,0,37.8685815908081,36.3171285432585,56.4675586838073,36.47475653007,65.3262352703946,179.991919315421,32.2332320199541,628.446507137932,33.7534774779928,0
Faecalicatena orotica,0,0,0,0,0,0,0,0,0,0,15.0963217488486,26.7663026924444,24.6473947847588,20.1639829389068,0,90.2054141151149,31.1935637008943,203.34718004254,0,19.2547244657802
Faecalimonas umbilicata,0,0,0,0,0,0,0,0,0,0,22.4429882502654,55.6517847631067,49.5202274755119,44.8453878043688,64.7886491721958,175.614055698746,45.4548890121508,42.0692599244395,18.4783169146952,100.077671581588
Faecalitalea cylindroides,0,0,0,0,0,0,0,0,0,0,44.8537132778998,23.0434343355555,46.5745889525237,65.1447069844752,44.183557896119,30.2748641635693,0,0,0,0
Fibrobacter intestinalis,0,0,0,0,0,0,0,0,0,0,12.0290115447317,0,0,0,0,0,0,0,0,0
Flavonifractor plautii,0,0,0,0,0,0,0,0,0,0,202.007596645879,95.8124862577414,314.79407561361,116.557217855845,107.071847375121,160.846461090969,0,21.0250594940095,102.607947423168,0
Flintibacter sp. KGMB00164,0,0,0,0,0,0,0,0,0,0,553.376251520002,248.021823368173,169.932155374736,324.720113161857,180.956618554396,1188.53793967228,79.2402631342637,0,0,15.0111719526137
Frisingicoccus caecimuris,0,0,0,0,0,0,0,0,0,0,77.0849254422476,0,46.1121696318474,0,0,0,0,0,0,0
Fusicatenibacter saccharivorans,0,0,0,0,0,0,0,0,0,0,88.8996042483288,484.909550184327,797.427222396642,293.689559313134,427.878950220676,5923.48477072341,2708.28645353277,13061.6637961671,8050.6834813241,187.126242301657
Gabonia massiliensis,0,0,0,0,0,0,0,0,0,0,29.0484745603258,0,0,16.7870362210826,0,0,0,0,0,0
Geosporobacter ferrireducens,0,0,0,0,0,0,0,0,0,0,71.9331785647965,0,13.0758148245541,15.7579256430154,15.4020840441789,38.5422591857986,0,0,0,0
Hahella sp. KA22,0,0,0,0,0,0,0,0,0,0,21.0507702032808,545.655847194782,244.956394173337,579.358897711516,449.836224977125,0,0,0,0,0
Hallella multisaccharivorax,0,0,0,0,0,0,0,0,0,0,21.8524562723562,206.034225838105,207.101599534083,263.847473590741,145.711547143707,0,0,0,0,0
Haploplasma axanthum,0,0,0,0,0,0,0,0,0,0,21.0507560055673,0,0,0,0,51.0885239476877,0,0,0,0
Harryflintia acetispora,0,0,0,0,0,0,0,0,0,0,22.0423102981886,25.4438987576486,10.6815812047779,28.4654002826835,11.840028029367,20.631054270684,0,0,0,16.0758306325991
Helicobacter pullorum,0,0,0,0,0,0,0,0,0,0,66.1595634960242,0,12.0292417545053,25.0586331620027,12.0225187797806,0,0,0,0,0
Helicobacter rodentium,0,0,0,0,0,0,0,0,0,0,15.0362644309146,0,0,11.0257985912812,0,0,0,0,0,0
Heliophilum fasciatum,0,0,0,0,0,0,0,0,0,0,27.5295636764853,0,0,0,0,0,0,0,0,0
Holdemanella biformis,0,0,0,0,0,0,0,0,0,0,12.0290115447317,48.0934639901056,23.0560466964908,42.0985037121645,63.1182235938611,0,92.2798025161951,32.0381858956334,0,0
Hoylesella buccalis,0,0,0,0,0,0,0,0,0,0,67.0332965850762,22.3709532926672,185.128638784936,37.2054929034146,24.2146127881536,0,0,0,22.035957389532,0
Hoylesella loescheii,0,0,0,0,0,0,0,0,0,0,38.4623813946652,0,57.9289096453703,0,0,0,0,0,0,0
Hoylesella shahii,0,0,0,0,0,0,0,0,0,0,69.4119136235066,29.5605353402094,86.5634191199491,33.6905902532819,30.5803433738034,0,0,0,0,0
Hungateiclostridiaceae bacterium KB18,0,0,0,0,0,0,0,0,0,0,19.5875940326888,0,11.9828323608127,13.2471905089883,0,13.6516198888388,0,0,0,0
Hungatella hathewayi,0,0,0,0,0,0,0,0,0,0,199.201490189767,252.497331977198,368.196811787075,395.732333920907,350.586542382546,474.149146828697,52.5432449274446,59.6265678009162,69.6882617954648,78.2231472789923
Hydrogenoanaerobacterium saccharovorans,0,0,0,0,0,0,0,0,0,0,65.5380190802094,15.9797170647517,27.7037161473089,58.2632966757892,34.0943107836248,20.3473782358752,0,0,0,0
Ihubacter massiliensis,0,0,0,0,0,0,0,0,0,0,395.180267564003,308.56897845363,268.758639500748,370.637229244644,328.231452317552,356.607462971177,99.3867085047667,0,28.1923109984418,0
Intestinibacillus massiliensis,0,0,0,0,0,0,0,0,0,0,1182.68397289725,1373.37178147686,911.073090493205,852.527967030599,641.465316920716,233.660002973859,0,0,0,0
Intestinibacter bartlettii,0,0,0,0,0,0,0,0,0,0,380.367021418691,966.104496216197,467.50947517086,397.949345354981,445.087169997499,626.141878978985,1211.08783131749,144.171852801253,629.453092700466,0
Intestinimonas butyriciproducens,0,0,0,0,0,0,0,0,0,0,1299.68291126381,332.902379930538,631.66124685077,951.242699459915,474.635944864306,1306.56068849861,0,0,0,0
Kineothrix alysoides,0,0,0,0,0,0,0,0,0,0,21.85365066481,0,49.4299941694409,0,95.0854451519914,21.7105487434263,0,0,0,0
Lachnoclostridium sp. YL32,0,0,0,0,0,0,0,0,0,0,30.2288683239937,55.8475553329912,26.3030253711631,115.919185788601,50.2665354629464,56.0537807785439,19.8665004412583,228.210023917103,35.548417909119,21.9762697638449
Lachnospira eligens,0,0,0,0,0,0,0,0,0,0,56.050649531611,524.351650905378,966.513784533502,864.184547054319,128.877065493185,530.076592726436,0,146.491680456697,0,0
Lachnospiraceae bacterium Choco86,0,0,0,0,0,0,0,0,0,0,49.686560319331,17.4345985233473,34.1498066142535,38.7851318972617,33.8008794429567,140.693975694891,52.3059050174133,41.7805407205703,36.0688546038536,0
Lachnospiraceae bacterium GAM79,0,0,0,0,0,0,0,0,0,0,1163.88333754985,316.862624111014,295.292920893709,248.635776551705,286.824384448826,1569.87485582466,23.1297412414425,87.5119883056289,0,81.6864129296377
Lacrimispora saccharolytica,0,0,0,0,0,0,0,0,0,0,301.155315116286,421.693743663571,519.60117389868,321.776303075064,377.510264006617,1783.15336988613,107.233061651193,0,40.580215235781,117.845626550406
Leyella stercorea,0,0,0,0,0,0,0,0,0,0,54.6891805947352,175.514339959935,316.964179194473,152.551064398827,83.8266494589261,0,0,0,0,0
Ligilactobacillus ruminis,0,0,0,0,0,0,0,0,0,0,55.1329706295973,251.488597715022,21.0511730703842,86.2016980772892,70.13135954872,0,0,0,0,0
Lutispora thermophila,0,0,0,0,0,0,0,0,0,0,29.4273454058502,0,12.1378636071792,0,0,20.5391324118114,0,0,0,0
Mageeibacillus indolicus,0,0,0,0,0,0,0,0,0,0,27.713956946545,20.6125718610156,25.2229744182007,21.8464703628519,24.8597408082768,80.0583107757983,0,0,0,0
Mahella australiensis,0,0,0,0,0,0,0,0,0,0,141.580772806385,14.0825849856813,41.9176744947245,24.8674030010739,16.2881554130087,64.3539567118039,0,0,0,0
Maliibacterium massiliense,0,0,0,0,0,0,0,0,0,0,1526.83207586538,210.325282916012,305.824203409317,598.697468268075,176.274746857299,2124.39833811222,201.611048210301,0,0,80.0630694814448
Mediterraneibacter faecis,0,0,0,0,0,0,0,0,0,0,14.652308440122,270.161333975851,145.925144882302,94.2627152568268,288.18645831096,3083.53910185176,814.93086893758,0,0,0
Mediterraneibacter gnavus,0,0,0,0,0,0,0,0,0,0,444.453729077067,356.323617342088,671.585029744031,543.539753630536,433.977173933933,1483.55429501577,312.962733218627,1240.57113708014,2532.7148631409,517.931406832183
Megasphaera elsdenii,0,0,0,0,0,0,0,0,0,0,7905.43784859583,12122.7553009432,8968.80253953031,6104.32767625676,16561.113606781,0,0,0,0,0
Megasphaera hexanoica,0,0,0,0,0,0,0,0,0,0,64.1547284132428,77.6870899036145,0,66.2358137108451,44.4829346494447,0,0,0,0,0
Merdimmobilis hominis,0,0,0,0,0,0,0,0,0,0,168.914096688159,36.1143712568393,52.6234190633007,70.1018698645512,79.4370979498479,88.6627392497455,0,0,0,0
Millionella massiliensis,0,0,0,0,0,0,0,0,0,0,283.631225016624,234.862438361215,254.925364528569,351.865051893653,188.872828385731,0,0,0,0,0
Mitsuokella jalaludinii,0,0,0,0,0,0,0,0,0,0,307.781519934185,6311.57771791302,6072.00989775944,5091.06961811377,5256.70556145815,0,0,0,0,0
Mitsuokella multacida,0,0,0,0,0,0,0,0,0,0,10.3409871357353,102.23050731021,90.9812357491129,50.1282350322674,81.4188315638317,0,0,0,0,0
Mogibacterium diversum,0,0,0,0,0,0,0,0,0,0,610.550135049008,288.330955763747,305.727499867668,542.501210085623,394.739550988087,0,0,0,0,11.0086763167074
Muribaculum intestinale,0,0,0,0,0,0,0,0,0,0,185.000638915072,52.7903534381603,183.887685590929,121.304087020624,53.8719781419206,0,0,0,0,0
Murimonas intestini,0,0,0,0,0,0,0,0,0,0,19.9564616065089,14.4070247071959,0,35.4033280683395,17.6063168826875,65.2146097841102,0,0,0,0
Mycoplasma capricolum,0,0,0,0,0,0,0,0,0,0,23.7860212046032,0,32.0727443644401,0,37.1371420641218,0,0,0,0,0
Mycoplasma putrefaciens,0,0,0,0,0,0,0,0,0,0,29.6969733522949,0,0,0,0,0,0,0,0,0
Negativibacillus massiliensis,0,0,0,0,0,0,0,0,0,0,392.295590324486,120.372653074819,174.818846364418,359.557154520712,158.724299654499,57.6325361001048,0,0,0,15.471658641745
Neglectibacter timonensis,0,0,0,0,0,0,0,0,0,0,603.29265361264,404.200317600677,348.359462571161,478.404850493239,268.462683746239,1007.13246120208,366.83106766832,0,107.381884757329,0
Odoribacter splanchnicus,0,0,0,0,0,0,0,0,0,0,10.1154630104577,0,0,0,0,0,0,0,0,0
Oligosphaera ethanolica,0,0,0,0,0,0,0,0,0,0,20.0483525745528,0,0,13.0304892442414,0,0,0,0,0,0
Olsenella uli,0,0,0,0,0,0,0,0,0,0,28.0685637860119,0,0,72.1689153823655,0,0,0,0,0,0
Oribacterium asaccharolyticum,0,0,0,0,0,0,0,0,0,0,166.561906308763,178.594233221256,131.956744382325,226.294729693869,171.645310283315,0,0,0,0,0
Oribacterium parvum,0,0,0,0,0,0,0,0,0,0,84.8040514324385,86.0878877683324,63.366890078511,22.2744581241374,70.7851599590644,0,0,0,0,0
Oscillibacter ruminantium,0,0,0,0,0,0,0,0,0,0,14.5916998953502,0,11.1804642862806,0,0,82.4801764327071,0,0,0,0
Oscillibacter sp. PEA192,0,0,0,0,0,0,0,0,0,0,139.117089166064,57.9166682315558,113.016540385359,146.005662007863,32.6219519582905,101.532332336941,0,0,29.7360384583404,0
Oscillibacter valericigenes,0,0,0,0,0,0,0,0,0,0,3469.58974887547,1257.29315648007,1657.0905477235,2573.82690050575,1176.84925626912,4600.06333777582,22.5106262472732,0,0,18.1113751809866
Oxalobacter formigenes,0,0,0,0,0,0,0,0,0,0,53.1281343225649,0,0,0,0,0,0,0,0,0
Oxobacter pfennigii,0,0,0,0,0,0,0,0,0,0,34.576201285085,0,0,0,0,0,0,0,0,0
Paenibacillus polymyxa,0,0,0,0,0,0,0,0,0,0,87.7346773391411,0,22.9348126935478,20.9759684490217,18.2748054880086,73.74660668808,0,0,0,0
Paludibacter propionicigenes,0,0,0,0,0,0,0,0,0,0,22.8314639359695,0,0,0,0,0,0,0,0,0
Paludihabitans psychrotolerans,0,0,0,0,0,0,0,0,0,0,12.397445695977,29.7805401749588,51.6496542205692,51.9212370019692,22.862275793782,47.8898197253056,0,0,0,0
Papillibacter cinnamivorans,0,0,0,0,0,0,0,0,0,0,394.919425561311,111.783322583761,633.809944048187,243.025124021147,169.541037159931,1158.17385011129,0,0,0,0
Parabacteroides distasonis,0,0,0,0,0,0,0,0,0,0,152.431921000006,39.7701490424533,53.7180773924437,44.1207840610522,38.7890224489079,39.9232721789728,0,0,0,0
Paraprevotella clara,0,0,0,0,0,0,0,0,0,0,55.503704392193,21.786061959975,24.4140004742485,27.1336451666494,19.5122725372975,0,0,0,0,0
Paraprevotella xylaniphila,0,0,0,0,0,0,0,0,0,0,55.6677393659443,16.6744112775709,34.1911416561202,24.6918784865606,15.8044912676501,0,0,0,0,0
Parasphaerochaeta coccoides,0,0,0,0,0,0,0,0,0,0,17.7775941561051,0,14.0447459473999,0,0,0,0,0,0,0
Pelotomaculum schinkii,0,0,0,0,0,0,0,0,0,0,21.6596772276558,0,0,0,0,0,0,0,0,0
Phascolarctobacterium succinatutens,0,0,0,0,0,0,0,0,0,0,464.123515521094,148.45407208007,1757.27173297064,30.0703597944032,234.439116206298,0,0,0,0,0
Pleomorphochaeta multiformis,0,0,0,0,0,0,0,0,0,0,14.0214669171405,0,0,20.0469065296021,0,0,0,0,0,0
Prevotella amnii,0,0,0,0,0,0,0,0,0,0,11.9721721828636,30.8775857406429,55.824569422381,35.5939771944062,17.3781462136785,0,0,0,0,0
Prevotella dentasini,0,0,0,0,0,0,0,0,0,0,12.025252877027,0,29.5382304032498,0,15.8857229476185,0,0,0,0,0
Prevotella denticola,0,0,0,0,0,0,0,0,0,0,12.2431997572409,33.4901285569633,49.3308597274064,42.3335206935663,19.3552052634926,0,0,0,0,0
Prevotella fusca,0,0,0,0,0,0,0,0,0,0,20.3175942855228,121.933154610274,104.461282529009,149.902212786421,70.085230075646,0,0,0,0,0
Prevotella jejuni,0,0,0,0,0,0,0,0,0,0,32.6111518645821,66.3246484565204,23.4300681264466,115.339396668427,46.129747805751,0,0,0,0,0
Prevotella veroralis,0,0,0,0,0,0,0,0,0,0,24.7450394523489,53.7148188378961,18.8791530389625,65.6060204680283,56.4024562592969,0,0,0,0,0
Prevotellamassilia timonensis,0,0,0,0,0,0,0,0,0,0,43.771159302139,147.291500729059,295.486115705717,246.623029932777,90.1635465252888,0,0,0,0,0
Proteiniclasticum ruminis,0,0,0,0,0,0,0,0,0,0,29.709187068851,0,0,0,0,22.1267418321706,0,0,0,0
Pseudobutyrivibrio xylanivorans,0,0,0,0,0,0,0,0,0,0,12.2668995900776,376.06398546317,362.913704205371,317.81154707687,65.4738939559339,0,0,0,0,0
Pseudoflavonifractor capillosus,0,0,0,0,0,0,0,0,0,0,31.6687996470364,0,29.7866092374662,10.2789790938225,0,30.4921911528408,0,0,0,0
Pseudoflavonifractor phocaeensis,0,0,0,0,0,0,0,0,0,0,116.300062326025,44.7598515252034,113.583446937741,88.5313606781403,54.5481005554959,217.307115484325,0,0,0,0
Pseudoprevotella muciniphila,0,0,0,0,0,0,0,0,0,0,24.404273577942,12.6663035757389,36.2694065714967,28.6239896239205,16.0710674827907,0,0,0,0,0
Pseudoramibacter alactolyticus,0,0,0,0,0,0,0,0,0,0,11.0265939160044,0,0,0,11.0206422159623,0,0,0,0,0
Rhabdanaerobium thermarum,0,0,0,0,0,0,0,0,0,0,27.5635943154879,0,0,0,0,25.9556582255558,0,0,0,0
Robinsoniella peoriensis,0,0,0,0,0,0,0,0,0,0,198.452828152428,204.574389113989,234.227309196379,150.358939364021,232.975564232894,335.221397931774,0,301.086666374991,0,12.4274641695586
Roseburia faecis,0,0,0,0,0,0,0,0,0,0,518.906907731704,3636.61373882356,2581.52975901486,3512.15922064445,1360.61017426022,84.2771128402819,71.2142428994201,14.4513238685154,98.0324110862973,0
Roseburia hominis,0,0,0,0,0,0,0,0,0,0,392.776841803284,1520.91322670492,2390.3414983375,735.000322384171,488.316648821962,723.246976976286,23.2352109827278,81.531141400099,0,41.1521967287077
Roseburia intestinalis,0,0,0,0,0,0,0,0,0,0,182.54931655721,801.352407628102,404.823954271714,880.073643351079,339.949038750654,99.0444414503334,16.3507157855133,41.4658750487241,18.3745114038484,0
Roseburia inulinivorans,0,0,0,0,0,0,0,0,0,0,127.023721572441,200.90366574832,133.161716458471,355.489740487472,88.1204272713047,45.4237805177085,11.0381095793915,30.0208904290896,230.145985869221,345.184055219027
Ruminiclostridium cellobioparum,0,0,0,0,0,0,0,0,0,0,62.3056343669079,70.7951064239562,81.5514676329256,0,127.095624515385,360.005162324255,0,53.0241876599582,0,0
Ruminiclostridium hungatei,0,0,0,0,0,0,0,0,0,0,17.7007230978533,43.9540121979392,42.0383180952982,0,201.614070301466,122.631645758921,0,0,0,0
Ruminobacter amylophilus,0,0,0,0,0,0,0,0,0,0,38.0918698916499,1471.4445418973,641.691311432289,1395.32849993885,1191.84773155118,0,0,0,0,0
Ruminococcaceae bacterium CPB6,0,0,0,0,0,0,0,0,0,0,410.624123767235,32.1008264657719,32.0302673518168,292.976883135866,30.2208241177585,43.5676672945367,0,0,0,0
Ruminococcus albus,0,0,0,0,0,0,0,0,0,0,76.5024536446656,24.7180657243047,42.5746650927781,131.457132682796,36.2361080316123,0,0,0,0,0
Ruminococcus bicirculans (ex Wegman et al. 2014),0,0,0,0,0,0,0,0,0,0,52.561274551253,61.8398889410977,68.4969824932888,109.466430468804,137.405108245197,938.416817015464,100.304133169777,24.0286394217251,0,518.505534555416
Ruminococcus bovis,0,0,0,0,0,0,0,0,0,0,462.384404168393,299.616161753772,434.042400004169,497.53969506573,615.866239116752,186.860778405987,35.1932680818767,0,0,0
Ruminococcus bromii,0,0,0,0,0,0,0,0,0,0,73.0903976930894,112.005167583451,394.544513320543,75.3764463513567,38.8055084383973,8477.20046110911,6551.91529522722,0,23.0375918163289,0
Ruminococcus champanellensis,0,0,0,0,0,0,0,0,0,0,269.147637051142,725.099768943016,534.74109280819,1113.58029116715,560.327617626916,694.702410459668,203.185968649637,0,0,0
Ruminococcus flavefaciens,0,0,0,0,0,0,0,0,0,0,30.913155021786,46.1843332632151,0,0,11.5538942582123,0,0,0,0,0
Ruthenibacterium lactatiformans,0,0,0,0,0,0,0,0,0,0,23.9257612792968,59.980818174129,88.3529697202309,37.1154602907561,44.8768058188268,220.039841113305,16.1031477804729,0,122.199400070984,31.024451430772
Salimesophilobacter vulgaris,0,0,0,0,0,0,0,0,0,0,101.712025662605,21.7106979391879,0,21.6415833513562,17.2397691921436,92.7168673039047,0,0,0,0
Schwartzia succinivorans,0,0,0,0,0,0,0,0,0,0,19.1306059838432,125.789659562527,177.123114423997,59.6469783977024,74.4509849775005,0,0,0,0,0
Segatella albensis,0,0,0,0,0,0,0,0,0,0,16.1152735581148,15.4307136438895,19.1577028497997,18.55718653729,12.4194585254791,0,0,0,0,0
Segatella baroniae,0,0,0,0,0,0,0,0,0,0,21.9679176103918,0,0,16.5588441865583,0,0,0,0,0,0
Segatella bryantii,0,0,0,0,0,0,0,0,0,0,20.7997236060863,0,0,0,0,0,0,0,0,0
Segatella buccae,0,0,0,0,0,0,0,0,0,0,21.1145923682977,0,0,0,0,0,0,0,0,0
Segatella copri,0,0,0,0,0,0,0,0,0,0,127.813537069033,2435.97310945785,1897.51180019794,1859.05454344698,859.68753202713,226.424739195231,0,97.1157509961389,0,0
Segatella oris,0,0,0,0,0,0,0,0,0,0,175.967105608346,134.169613176646,404.891318431627,218.75980392251,157.471038844165,0,0,0,0,0
Segatella oulorum,0,0,0,0,0,0,0,0,0,0,12.2683581904925,23.0475531651699,38.2665519490844,40.1260812350709,23.0006073790209,0,0,0,0,0
Segatella paludivivens,0,0,0,0,0,0,0,0,0,0,271.257567852723,177.98688793697,328.226182408626,404.329511788953,350.789904958707,0,0,0,0,0
Selenomonas bovis,0,0,0,0,0,0,0,0,0,0,278.645285863653,3059.70247342804,2840.34396162671,2286.17110356239,2601.5872766974,0,0,0,0,0
Selenomonas sp. oral taxon 136,0,0,0,0,0,0,0,0,0,0,10.306680940614,30.534808789536,76.5200474385503,25.9800370675233,16.1948972214576,0,0,0,0,0
Selenomonas sp. oral taxon 478,0,0,0,0,0,0,0,0,0,0,101.308600115712,303.613095359538,921.749430371723,217.407015357632,447.179009703605,0,0,0,0,0
Selenomonas sp. oral taxon 920,0,0,0,0,0,0,0,0,0,0,11.2796185554349,40.3357747031973,81.8074622829392,29.2359456151884,36.9035938791499,0,0,0,0,0
Solobacterium moorei,0,0,0,0,0,0,0,0,0,0,41.8359817489164,76.0428675165001,81.194826804847,65.6137771661996,63.1239125418936,0,0,0,0,0
Sphaerochaeta pleomorpha,0,0,0,0,0,0,0,0,0,0,23.3339085067746,0,13.0210480002369,0,0,0,0,0,0,0
Spiroplasma cantharicola,0,0,0,0,0,0,0,0,0,0,31.2679583193906,0,0,0,0,67.4962991728039,0,0,0,0
Spiroplasma chinense,0,0,0,0,0,0,0,0,0,0,28.3496385100275,0,0,0,50.9764956638104,29.5150841036004,0,0,0,0
Spiroplasma chrysopicola,0,0,0,0,0,0,0,0,0,0,25.6638887053257,0,23.4829193091527,0,0,122.303550735266,0,0,0,0
Spiroplasma diminutum,0,0,0,0,0,0,0,0,0,0,50.9479266466936,0,0,0,0,0,0,0,0,0
Sporobacter termitidis,0,0,0,0,0,0,0,0,0,0,1136.51124007689,490.841158055375,1563.39030586412,709.39648568482,500.448639003927,2013.8426093701,21.1102719850395,0,15.3627126217827,0
Streptococcus agalactiae,0,0,0,0,0,0,0,0,0,0,15.9923833577934,0,0,0,0,0,0,0,0,0
Streptococcus equinus,0,0,0,0,0,0,0,0,0,0,79.3384371043874,26.8277834713159,16.4027553468161,36.0766625616542,27.8718370381679,0,0,0,0,0
Streptococcus gordonii,0,0,0,0,0,0,0,0,0,0,57.3645849963738,34.2868419508975,19.6702337486213,0,0,0,0,0,0,0
Streptococcus himalayensis,0,0,0,0,0,0,0,0,0,0,40.9931686393232,17.1252841700011,0,0,0,0,0,0,0,0
Streptococcus hyointestinalis,0,0,0,0,0,0,0,0,0,0,10.0242138080355,111.36315190062,553.546206257297,1336.04944230356,583.063877986848,0,0,0,0,0
Streptococcus infantarius,0,0,0,0,0,0,0,0,0,0,11.9322766380954,0,0,0,0,0,0,0,0,0
Streptococcus pasteurianus,0,0,0,0,0,0,0,0,0,0,76.4474144996771,52.9598255822508,0,200.803740129582,15.6195390687724,0,0,0,0,0
Streptococcus pyogenes,0,0,0,0,0,0,0,0,0,0,52.7843413704714,16.1724805144746,0,0,0,0,0,0,0,0
Streptococcus sanguinis,0,0,0,0,0,0,0,0,0,0,36.5578038659365,0,0,0,0,0,0,0,0,0
Streptococcus sp. A12,0,0,0,0,0,0,0,0,0,0,19.8822567652651,0,0,0,0,0,0,33.4842151530818,0,0
Streptococcus suis,0,0,0,0,0,0,0,0,0,0,108.571175105776,25.4606685735907,0,0,0,0,0,0,0,0
Streptococcus urinalis,0,0,0,0,0,0,0,0,0,0,24.242935068788,0,0,0,0,0,0,0,0,0
Succinivibrio dextrinosolvens,0,0,0,0,0,0,0,0,0,0,134.323962249504,281.556903676172,88.2292714925373,1002.34532675979,1346.84229028432,0,0,0,0,0
Syntrophococcus sucromutans,0,0,0,0,0,0,0,0,0,0,227.040524354221,1096.42931889833,0,1257.43079413822,687.787029734607,0,0,0,0,0
Tepidibaculum saccharolyticum,0,0,0,0,0,0,0,0,0,0,13.3838233588285,0,0,0,0,12.6352232939371,0,0,0,0
Thermostilla marina,0,0,0,0,0,0,0,0,0,0,51.261374951354,0,0,62.4086200763625,15.0281484747257,0,0,0,0,0
Tidjanibacter massiliensis,0,0,0,0,0,0,0,0,0,0,82.7006400397526,38.7420252570411,40.5657767586618,50.0007613593651,23.4154407196056,0,0,0,0,0
Treponema berlinense,0,0,0,0,0,0,0,0,0,0,38.2852398294799,0,45.1933151788174,48.1125756710451,0,0,0,0,0,0
Treponema brennaborense,0,0,0,0,0,0,0,0,0,0,33.8888294170405,0,12.6745621867381,0,0,0,0,0,0,0
Vampirovibrio chlorellavorus,0,0,0,0,0,0,0,0,0,0,186.449678943341,164.336216019386,134.326532925257,107.251191805672,176.330275436782,265.550488988014,0,0,0,0
Xylanibacter brevis,0,0,0,0,0,0,0,0,0,0,57.3234783747849,0,32.2766554627179,48.9179096127433,25.7699150215467,0,0,0,0,0
Xylanibacter ruminicola,0,0,0,0,0,0,0,0,0,0,58.2080990426816,18.8551134652732,36.2188789578865,59.5741033082189,35.3419465773799,0,0,0,0,0
[Clostridium] cellulosi,0,0,0,0,0,0,0,0,0,0,105.249674284181,21.6471041052835,44.8923570989754,55.6357083708357,40.7146024791458,55.9990036520695,0,0,0,0
[Clostridium] leptum,0,0,0,0,0,0,0,0,0,0,22.6950776625059,12.5128248588037,10.395003853823,21.0970266086324,0,29.3802156252936,0,0,0,0
[Clostridium] methylpentosum,0,0,0,0,0,0,0,0,0,0,94.8218722494266,64.4084860304041,52.7554060709332,32.1996779021989,28.6073415533537,335.966755722308,42.5085826808489,0,0,0
[Clostridium] nexile,0,0,0,0,0,0,0,0,0,0,35.5924423798375,20.1558050698168,48.5235325280351,26.1743065850852,34.3604808941335,54.5583365041313,0,0,0,0
[Clostridium] polysaccharolyticum,0,0,0,0,0,0,0,0,0,0,37.5548295628667,136.589124026602,36.1221260071629,190.260469368382,256.999971361611,0,0,0,0,0
[Clostridium] viride,0,0,0,0,0,0,0,0,0,0,19.3983776793598,0,0,11.8649241695071,0,61.1946137993832,0,0,0,0
[Eubacterium] siraeum,0,0,0,0,0,0,0,0,0,0,55.151885180941,20.0142321725763,114.277754464138,73.710525511353,106.198801936436,1349.48627782461,0,0,26.0424950967195,0
[Eubacterium] sulci,0,0,0,0,0,0,0,0,0,0,10.8001546211878,0,0,11.7738822944453,0,0,0,0,0,0
Acetivibrio ethanolgignens,0,0,0,0,0,0,0,0,0,0,0,22.5606604470412,0,20.7175833871701,11.8928446316325,0,0,120.213543961218,0,0
Actinobacillus equuli,0,0,0,0,0,0,0,0,0,0,0,42.6576346433406,15.952060524726,67.6500220055886,39.9756436939196,0,0,0,0,0
Aeromonas caviae,0,0,0,0,0,0,0,0,0,0,0,54.3254717354609,25.2605140952101,43.7843211167927,46.9920512155016,0,0,0,0,0
Aeromonas dhakensis,0,0,0,0,0,0,0,0,0,0,0,30.2562814285368,0,24.6551970620675,21.2067689311131,0,0,0,0,0
Aeromonas diversa,0,0,0,0,0,0,0,0,0,0,0,29.7963398331556,0,0,23.3241277336923,0,0,0,0,0
Aeromonas hydrophila,0,0,0,0,0,0,0,0,0,0,0,207.052534593379,69.3993407618621,327.579531712078,187.575255066443,0,0,0,0,0
Aeromonas media,0,0,0,0,0,0,0,0,0,0,0,16.574671344749,14.4171125086758,10.937815860974,10.3219890516617,0,0,0,0,0
Aeromonas salmonicida,0,0,0,0,0,0,0,0,0,0,0,172.465056472512,43.8866112716083,201.422940267316,112.160473323219,0,0,0,0,0
Aeromonas sp. CA23,0,0,0,0,0,0,0,0,0,0,0,38.3847344535086,118.059138569488,54.3615158543626,30.2616561572511,0,0,0,0,0
Aeromonas taiwanensis,0,0,0,0,0,0,0,0,0,0,0,210.093035895233,73.0307053449545,0,121.848101660289,0,0,0,0,0
Aggregatibacter segnis,0,0,0,0,0,0,0,0,0,0,0,14.4544399771115,0,32.5580628023715,0,0,0,0,0,0
Allisonella histaminiformans,0,0,0,0,0,0,0,0,0,0,0,44.0856753242635,30.0731043862632,23.0539425090425,15.0281484747257,0,0,0,0,0
Anaerobacterium chartisolvens,0,0,0,0,0,0,0,0,0,0,0,14.4381636208095,0,16.5447204858564,31.9668722707178,28.2843488717834,0,0,0,0
Blautia coccoides,0,0,0,0,0,0,0,0,0,0,0,22.7933036242,0,0,0,41.0702241270401,0,10.8365923889438,0,0
Caecibacter massiliensis,0,0,0,0,0,0,0,0,0,0,0,26.5154326289594,0,25.9799563253247,53.7009687189328,0,0,0,0,0
Campylobacter hyointestinalis,0,0,0,0,0,0,0,0,0,0,0,52.1012526559477,0,0,0,0,0,0,0,0
Dickeya dadantii,0,0,0,0,0,0,0,0,0,0,0,86.6495068165851,34.0052934375182,167.496801997391,72.0961385450794,0,0,0,0,0
Entomomonas moraniae,0,0,0,0,0,0,0,0,0,0,0,105.310632505487,30.3996676033362,89.6752440272017,58.357134493682,0,0,0,0,0
Eshraghiella crossota,0,0,0,0,0,0,0,0,0,0,0,47.8563665765841,50.918979679055,80.2716359052918,0,34.7114906404509,0,0,0,0
Eubacterium ramulus,0,0,0,0,0,0,0,0,0,0,0,38.0592465155818,0,39.71100905071,70.1846738529262,79.148781834232,0,0,0,145.962365107478
Faecalicatena contorta,0,0,0,0,0,0,0,0,0,0,0,17.5460021010136,0,13.3878752716187,0,283.433853439212,461.638047227436,55.4481051289871,23.042257254373,395.483228660036
Gilliamella apicola,0,0,0,0,0,0,0,0,0,0,0,143.013791720399,55.1188659913712,194.154087408465,92.9341771380084,0,0,0,0,0
Glaesserella parasuis,0,0,0,0,0,0,0,0,0,0,0,578.114685518949,191.839233620334,899.529758805797,402.321484231041,0,0,0,0,0
Glaesserella sp. 15-184,0,0,0,0,0,0,0,0,0,0,0,56.9385611557006,22.029611140101,69.4790174413282,24.3536170728903,0,0,0,0,0
Haemophilus haemolyticus,0,0,0,0,0,0,0,0,0,0,0,278.630989650696,115.252694417507,377.501759169408,192.422312397119,0,0,0,0,0
Haemophilus sp. oral taxon 036,0,0,0,0,0,0,0,0,0,0,0,37.8035480037118,13.8174964394168,53.6295728816264,44.8977972216564,0,0,0,0,0
Intestinibaculum porci,0,0,0,0,0,0,0,0,0,0,0,24.0467319950528,0,0,0,0,0,0,0,0
Lachnospira multipara,0,0,0,0,0,0,0,0,0,0,0,50.2167864930166,34.580130492248,78.8014566773009,0,0,0,0,0,0
Lactobacillus equicursoris,0,0,0,0,0,0,0,0,0,0,0,61.03137118527,47.0593580580682,0,191.640931523247,0,0,0,0,0
Oleiphilus messinensis,0,0,0,0,0,0,0,0,0,0,0,14.141616980439,0,0,0,0,0,0,0,0
Pasteurella skyensis,0,0,0,0,0,0,0,0,0,0,0,39.6568568943784,17.0639448255459,62.5655182157013,29.991394889853,0,0,0,0,0
Pectobacterium odoriferum,0,0,0,0,0,0,0,0,0,0,0,27.6723255736899,0,37.1617602783715,17.5077737001498,0,0,0,0,0
Phocoenobacter uteri,0,0,0,0,0,0,0,0,0,0,0,14.5843942943608,0,27.238848581172,18.5485756377789,0,0,0,0,0
Prevotella scopos,0,0,0,0,0,0,0,0,0,0,0,20.9773147675166,24.2155615329526,22.4423906061425,16.5017414749515,0,0,0,0,0
Ruminiclostridium cellulolyticum,0,0,0,0,0,0,0,0,0,0,0,23.8577999622629,15.3355970087164,17.4326207475706,14.3061788854398,456.356561471544,0,0,0,0
Ruminococcus callidus,0,0,0,0,0,0,0,0,0,0,0,357.258432985739,81.2484228321758,292.778174899842,185.409109127756,20.0375875401697,26.6099693959268,193.230308683039,0,0
Saccharofermentans acetigenes,0,0,0,0,0,0,0,0,0,0,0,14.83534032072,0,0,0,31.6238609494185,0,0,0,0
Segatella salivae,0,0,0,0,0,0,0,0,0,0,0,12.9598846827427,0,0,0,0,0,0,0,0
Selenomonas lacticifex,0,0,0,0,0,0,0,0,0,0,0,15.8038619476137,0,14.4787598291096,0,0,0,0,0,0
Selenomonas ruminantium,0,0,0,0,0,0,0,0,0,0,0,39.3437727880986,41.361062341611,82.6662905923461,76.2589622579115,0,0,0,0,0
Selenomonas sputigena,0,0,0,0,0,0,0,0,0,0,0,62.421695009375,82.2645712600033,27.3898062330234,33.7194921832964,0,0,0,0,0
Succinatimonas hippei,0,0,0,0,0,0,0,0,0,0,0,31.0640756262519,0,0,22.0715561931331,0,0,0,0,0
Xylanibacter oryzae,0,0,0,0,0,0,0,0,0,0,0,18.0999368958136,16.0760750060904,30.8074720331761,0,0,0,0,0,0
[Bacteroides] pectinophilus,0,0,0,0,0,0,0,0,0,0,0,149.926805995771,108.664944422692,111.932758896809,0,0,0,0,0,0
[Eubacterium] cellulosolvens,0,0,0,0,0,0,0,0,0,0,0,30.6168116944857,0,14.922551151667,15.8810606640456,0,0,0,0,0
[Lactobacillus] rogosae,0,0,0,0,0,0,0,0,0,0,0,39.9311953242258,66.426718536206,0,0,256.54658939474,0,0,0,0
Aestuariispira insulae,0,0,0,0,0,0,0,0,0,0,0,0,11.0569036202308,12.0435351642554,0,0,0,0,0,0
Anaerotignum aminivorans,0,0,0,0,0,0,0,0,0,0,0,0,13.8165910067941,0,0,10.983633539002,0,0,0,0
Cohaesibacter marisflavi,0,0,0,0,0,0,0,0,0,0,0,0,23.0631315912868,13.7358745582369,0,0,0,0,0,0
Desulfovibrio piger,0,0,0,0,0,0,0,0,0,0,0,0,15.3486010590105,0,0,0,0,0,0,0
Kiloniella majae,0,0,0,0,0,0,0,0,0,0,0,0,12.9944949936281,25.0418920662711,18.0337781696709,0,0,0,0,0
Lacrimispora amygdalina,0,0,0,0,0,0,0,0,0,0,0,0,18.5539169070579,0,0,20.6103522564955,0,0,0,0
Mucispirillum schaedleri,0,0,0,0,0,0,0,0,0,0,0,0,29.0706675733877,0,0,0,0,0,0,0
Mycoplasma mycoides,0,0,0,0,0,0,0,0,0,0,0,0,23.6433500635557,0,0,0,0,0,0,0
Olsenella sp. GAM18,0,0,0,0,0,0,0,0,0,0,0,0,12.0292417545053,15.0351798972016,0,0,0,0,0,0
Selenomonas noxia,0,0,0,0,0,0,0,0,0,0,0,0,11.0158725025251,0,0,0,0,0,0,0
Treponema bryantii,0,0,0,0,0,0,0,0,0,0,0,0,14.0341153800066,0,0,0,0,0,0,0
Treponema porcinum,0,0,0,0,0,0,0,0,0,0,0,0,16.3124467874765,0,0,0,0,0,0,0
[Clostridium] aminophilum,0,0,0,0,0,0,0,0,0,0,0,0,19.0462994446335,0,14.026271909744,0,0,0,0,0
Aeromonas sp. ASNIH1,0,0,0,0,0,0,0,0,0,0,0,0,0,12.9936720317757,0,0,0,0,0,0
Aliidongia dinghuensis,0,0,0,0,0,0,0,0,0,0,0,0,0,38.7609983657461,0,0,0,0,0,0
Avibacterium volantium,0,0,0,0,0,0,0,0,0,0,0,0,0,32.3042900663542,0,0,0,0,0,0
Azospirillum brasilense,0,0,0,0,0,0,0,0,0,0,0,0,0,33.242414343973,22.0412844295977,0,0,0,0,0
Blautia argi,0,0,0,0,0,0,0,0,0,0,0,0,0,10.7096220396983,0,26.213449051985,0,4988.6334952445,0,0
Candidatus Liberibacter americanus,0,0,0,0,0,0,0,0,0,0,0,0,0,33.5411564324141,0,0,0,0,0,0
Dickeya dianthicola,0,0,0,0,0,0,0,0,0,0,0,0,0,19.0795224011714,0,0,0,0,0,0
Frischella perrara,0,0,0,0,0,0,0,0,0,0,0,0,0,20.520291179709,0,0,0,0,0,0
Gordonibacter urolithinfaciens,0,0,0,0,0,0,0,0,0,0,0,0,0,14.0327826949236,0,0,0,0,0,0
Haemophilus parahaemolyticus,0,0,0,0,0,0,0,0,0,0,0,0,0,14.6409280882521,0,0,0,0,0,0
Hallella colorans,0,0,0,0,0,0,0,0,0,0,0,0,0,13.2485309643304,0,0,0,0,0,0
Malacoplasma iowae,0,0,0,0,0,0,0,0,0,0,0,0,0,17.9112611528461,0,0,0,0,0,0
Malacoplasma microti,0,0,0,0,0,0,0,0,0,0,0,0,0,20.0791812280398,0,0,0,0,0,0
Malacoplasma penetrans,0,0,0,0,0,0,0,0,0,0,0,0,0,25.6593752642475,0,0,0,0,0,0
Mycoplasmoides gallisepticum,0,0,0,0,0,0,0,0,0,0,0,0,0,14.1008949054591,0,0,0,0,0,0
Mycoplasmoides pirum,0,0,0,0,0,0,0,0,0,0,0,0,0,10.4556761796569,0,0,0,0,0,0
Parolsenella catena,0,0,0,0,0,0,0,0,0,0,0,0,0,28.0597530782805,0,0,0,0,0,0
Prevotella melaninogenica,0,0,0,0,0,0,0,0,0,0,0,0,0,13.0907908493269,0,0,0,0,0,0
Pseudomonas citronellolis,0,0,0,0,0,0,0,0,0,0,0,0,0,13.6575607212347,12.7017044299258,0,0,0,0,0
Ralstonia solanacearum,0,0,0,0,0,0,0,0,0,0,0,0,0,11.0257985912812,0,0,135.410579779199,0,0,0
Shuttleworthella satelles,0,0,0,0,0,0,0,0,0,0,0,0,0,12.3634506153109,0,0,0,0,0,0
Tolumonas auensis,0,0,0,0,0,0,0,0,0,0,0,0,0,27.1193499075215,0,0,0,0,0,0
Blautia faecis,0,0,0,0,0,0,0,0,0,0,0,0,0,0,18.1297978403302,2000.95884415257,345.558163318817,2102.52302030345,39.0830172245504,1263.75801577922
Clostridium saccharobutylicum,0,0,0,0,0,0,0,0,0,0,0,0,0,0,10.8481685634135,0,0,0,0,0
Abyssivirga alkaniphila,0,0,0,0,0,0,0,0,0,0,0,0,0,0,0,90.1604648558438,0,0,0,0
Adlercreutzia equolifaciens,0,0,0,0,0,0,0,0,0,0,0,0,0,0,0,36.0676575709218,150.99336146518,0,21.0343229627351,12.0094650727717
Akkermansia muciniphila,0,0,0,0,0,0,0,0,0,0,0,0,0,0,0,129.242439629136,0,0,0,0
Alistipes putredinis,0,0,0,0,0,0,0,0,0,0,0,0,0,0,0,13.0244319006106,0,0,32.0523016575011,0
Bacillus anthracis,0,0,0,0,0,0,0,0,0,0,0,0,0,0,0,55.2375717853179,15.5876439349974,13.363941496735,0,0
Bacteroides eggerthii,0,0,0,0,0,0,0,0,0,0,0,0,0,0,0,13.0244319006106,0,0,0,0
Bacteroides ovatus,0,0,0,0,0,0,0,0,0,0,0,0,0,0,0,14.0263112775807,0,0,32.2610166042791,33.0260289501221
Bacteroides uniformis,0,0,0,0,0,0,0,0,0,0,0,0,0,0,0,281.528104928584,0,0,0,44.0347052668294
Blautia hansenii,0,0,0,0,0,0,0,0,0,0,0,0,0,0,0,43.863378494239,0,28.3145968849334,31.4191175194616,0
Candidatus Izimaplasma bacterium HR1,0,0,0,0,0,0,0,0,0,0,0,0,0,0,0,38.0365931346265,0,0,0,0
Citrobacter braakii,0,0,0,0,0,0,0,0,0,0,0,0,0,0,0,22.1990109633325,0,0,0,0
Citrobacter freundii,0,0,0,0,0,0,0,0,0,0,0,0,0,0,0,60.9330654199153,0,0,0,0
Citrobacter portucalensis,0,0,0,0,0,0,0,0,0,0,0,0,0,0,0,44.1066044919483,0,0,0,0
Clostridium acetobutylicum,0,0,0,0,0,0,0,0,0,0,0,0,0,0,0,15.2310204018523,0,0,0,0
Clostridium botulinum,0,0,0,0,0,0,0,0,0,0,0,0,0,0,0,35.5919985501026,0,0,0,0
Clostridium luticellarii,0,0,0,0,0,0,0,0,0,0,0,0,0,0,0,19.9278165684471,0,0,0,0
Enterococcus gilvus,0,0,0,0,0,0,0,0,0,0,0,0,0,0,0,264.496155520461,0,0,0,0
Ercella succinigenes,0,0,0,0,0,0,0,0,0,0,0,0,0,0,0,292.79245872144,0,0,0,0
Erysipelotrichaceae bacterium GAM147,0,0,0,0,0,0,0,0,0,0,0,0,0,0,0,195.817392880264,55.1672732433775,0,1038.69490922384,948.747595302553
Falcatimonas natans,0,0,0,0,0,0,0,0,0,0,0,0,0,0,0,22.3727048873663,0,182.078622109433,0,0
Fastidiosipila sanguinis,0,0,0,0,0,0,0,0,0,0,0,0,0,0,0,21.5908216950508,0,0,0,0
Haemophilus parainfluenzae,0,0,0,0,0,0,0,0,0,0,0,0,0,0,0,211.39654854068,0,21.0250594940095,0,73.0575791926943
Hafnia alvei,0,0,0,0,0,0,0,0,0,0,0,0,0,0,0,783.169836798003,78.2372238724263,0,0,0
Hafnia sp. CBA7124,0,0,0,0,0,0,0,0,0,0,0,0,0,0,0,1804.94433796567,0,0,0,0
Herbinix luporum,0,0,0,0,0,0,0,0,0,0,0,0,0,0,0,13.3086506861389,0,0,0,0
Hespellia stercorisuis,0,0,0,0,0,0,0,0,0,0,0,0,0,0,0,11.699351464203,0,0,0,0
Irregularibacter muris,0,0,0,0,0,0,0,0,0,0,0,0,0,0,0,11.9008954636061,0,0,0,0
Lachnospiraceae bacterium oral taxon 500,0,0,0,0,0,0,0,0,0,0,0,0,0,0,0,13.7407997770927,0,0,0,0
Lacrimispora algidixylanolytica,0,0,0,0,0,0,0,0,0,0,0,0,0,0,0,473.924198573002,0,0,0,0
Lacrimispora indolis,0,0,0,0,0,0,0,0,0,0,0,0,0,0,0,15.1964242954541,0,0,18.8590554350453,15.1873529524108
Lacrimispora sphenoides,0,0,0,0,0,0,0,0,0,0,0,0,0,0,0,41.3497160264628,0,0,0,31.9163683050788
Leuconostoc carnosum,0,0,0,0,0,0,0,0,0,0,0,0,0,0,0,184.345804772026,0,0,0,0
Leuconostoc pseudomesenteroides,0,0,0,0,0,0,0,0,0,0,0,0,0,0,0,23.0432262607951,0,0,0,0
Longibaculum sp. KGMB06250,0,0,0,0,0,0,0,0,0,0,0,0,0,0,0,65.675495150799,0,68.7156914984765,0,0
Marvinbryantia formatexigens,0,0,0,0,0,0,0,0,0,0,0,0,0,0,0,11.5675113790799,0,0,0,0
Natranaerovirga pectinivora,0,0,0,0,0,0,0,0,0,0,0,0,0,0,0,201.155653705131,0,0,0,0
Parabacteroides merdae,0,0,0,0,0,0,0,0,0,0,0,0,0,0,0,21.039466916371,0,0,0,24.0189301455433
Parabacteroides sp. CT06,0,0,0,0,0,0,0,0,0,0,0,0,0,0,0,12.1744554234697,0,0,0,33.0260289501221
Petrocella atlantisensis,0,0,0,0,0,0,0,0,0,0,0,0,0,0,0,38.7868950808086,0,0,0,0
Phocaeicola dorei,0,0,0,0,0,0,0,0,0,0,0,0,0,0,0,106.199216620412,0,0,0,37.0291839743793
Phocaeicola vulgatus,0,0,0,0,0,0,0,0,0,0,0,0,0,0,0,210.394669203308,0,0,54.088259047033,0
Raoultibacter timonensis,0,0,0,0,0,0,0,0,0,0,0,0,0,0,0,125.234922121256,0,0,11.017978694766,0
Ruminiclostridium josui,0,0,0,0,0,0,0,0,0,0,0,0,0,0,0,12.5012783423253,0,0,0,0
Ruminiclostridium sufflavum,0,0,0,0,0,0,0,0,0,0,0,0,0,0,0,38.4896650583428,0,0,0,0
Spiroplasma culicicola,0,0,0,0,0,0,0,0,0,0,0,0,0,0,0,20.3632456839344,0,0,0,0
Spiroplasma eriocheiris,0,0,0,0,0,0,0,0,0,0,0,0,0,0,0,115.609942044543,0,0,0,0
Spiroplasma lampyridicola,0,0,0,0,0,0,0,0,0,0,0,0,0,0,0,31.8516048542736,0,0,0,0
Spiroplasma mirum,0,0,0,0,0,0,0,0,0,0,0,0,0,0,0,69.2257774439447,0,0,0,0
Spiroplasma phoeniceum,0,0,0,0,0,0,0,0,0,0,0,0,0,0,0,18.7093803684633,0,0,0,0
Spiroplasma sp. TU-14,0,0,0,0,0,0,0,0,0,0,0,0,0,0,0,47.7890450462635,0,0,0,0
Spiroplasma syrphidicola,0,0,0,0,0,0,0,0,0,0,0,0,0,0,0,103.764411633044,0,0,0,0
Spiroplasma velocicrescens,0,0,0,0,0,0,0,0,0,0,0,0,0,0,0,14.5370868527017,0,0,0,0
Sporobacterium olearium,0,0,0,0,0,0,0,0,0,0,0,0,0,0,0,15.0334018993989,0,0,0,0
Streptococcus oralis,0,0,0,0,0,0,0,0,0,0,0,0,0,0,0,16.9660303249741,0,14.6394726575695,0,0
Streptococcus salivarius,0,0,0,0,0,0,0,0,0,0,0,0,0,0,0,87.2882389561206,0,844.114502886611,216.620356702139,0
Streptococcus sp. FDAARGOS_192,0,0,0,0,0,0,0,0,0,0,0,0,0,0,0,220.319472640108,0,0,24.6265493613515,0
Streptococcus sp. LPB0220,0,0,0,0,0,0,0,0,0,0,0,0,0,0,0,14.9540759451372,0,18.860853766795,18.6590758065442,0
Streptococcus sp. oral taxon 431,0,0,0,0,0,0,0,0,0,0,0,0,0,0,0,14.166345070511,0,42.2302165843511,0,0
Streptococcus thermophilus,0,0,0,0,0,0,0,0,0,0,0,0,0,0,0,69.0989341445095,36.1094879411198,3937.58474203672,2267.46904984235,78.0615229730158
Vallitalea pronyensis,0,0,0,0,0,0,0,0,0,0,0,0,0,0,0,15.7306437211816,0,0,0,0
Veillonella dispar,0,0,0,0,0,0,0,0,0,0,0,0,0,0,0,52.0977276024425,0,0,0,0
[Clostridium] colinum,0,0,0,0,0,0,0,0,0,0,0,0,0,0,0,46.0128507533245,14.0425786437688,0,46.9460016255439,0
[Ruminococcus] lactaris,0,0,0,0,0,0,0,0,0,0,0,0,0,0,0,3206.96489413468,828.322175944109,2294.50502884251,0,0
Blautia caecimuris,0,0,0,0,0,0,0,0,0,0,0,0,0,0,0,0,10.3680079103085,179.84093153596,710.329373982725,81.2631728250338
Collinsella tanakaei,0,0,0,0,0,0,0,0,0,0,0,0,0,0,0,0,12.0364959803733,0,0,0
Eggerthella lenta,0,0,0,0,0,0,0,0,0,0,0,0,0,0,0,0,98.7120810590483,106.126490779286,15.0245164019665,0
Eggerthella timonensis,0,0,0,0,0,0,0,0,0,0,0,0,0,0,0,0,249.990858347612,0,0,0
Enterococcus durans,0,0,0,0,0,0,0,0,0,0,0,0,0,0,0,0,48.1459839214931,0,0,0
Latilactobacillus sakei,0,0,0,0,0,0,0,0,0,0,0,0,0,0,0,0,55.1672732433775,0,0,0
Parvibacter caecicola,0,0,0,0,0,0,0,0,0,0,0,0,0,0,0,0,16.8699849525124,0,0,0
Phocaeicola plebeius,0,0,0,0,0,0,0,0,0,0,0,0,0,0,0,0,11.0334546486755,0,0,0
Caecibacterium sporoformans,0,0,0,0,0,0,0,0,0,0,0,0,0,0,0,0,0,11.7707231548565,0,0
Clostridium sporogenes,0,0,0,0,0,0,0,0,0,0,0,0,0,0,0,0,0,1722.41913872924,0,0
Cyanothece sp. PCC 7425,0,0,0,0,0,0,0,0,0,0,0,0,0,0,0,0,0,17.0198938044552,0,0
Eisenbergiella tayi,0,0,0,0,0,0,0,0,0,0,0,0,0,0,0,0,0,206.546684415681,52.0572715682117,0
Granulicatella adiacens,0,0,0,0,0,0,0,0,0,0,0,0,0,0,0,0,0,19.7969760947856,0,0
Granulicatella elegans,0,0,0,0,0,0,0,0,0,0,0,0,0,0,0,0,0,13.2424031100864,28.0457639503134,0
Lachnobacterium bovis,0,0,0,0,0,0,0,0,0,0,0,0,0,0,0,0,0,69.5596408716143,0,0
Lactococcus lactis,0,0,0,0,0,0,0,0,0,0,0,0,0,0,0,0,0,329.392598739481,113.184690228051,0
Propionibacterium freudenreichii,0,0,0,0,0,0,0,0,0,0,0,0,0,0,0,0,0,11.013126401624,0,0
Ruminiclostridium papyrosolvens,0,0,0,0,0,0,0,0,0,0,0,0,0,0,0,0,0,15.7227104878491,0,0
Streptococcus viridans,0,0,0,0,0,0,0,0,0,0,0,0,0,0,0,0,0,34.9570783685531,136.450477124266,0
Trichodesmium erythraeum,0,0,0,0,0,0,0,0,0,0,0,0,0,0,0,0,0,21.0254519466095,0,0
Aedoeadaptatus coxii,0,0,0,0,0,0,0,0,0,0,0,0,0,0,0,0,0,0,1980.48088954343,0
Aedoeadaptatus ivorii,0,0,0,0,0,0,0,0,0,0,0,0,0,0,0,0,0,0,302.718694592718,0
Agathobaculum desmolans,0,0,0,0,0,0,0,0,0,0,0,0,0,0,0,0,0,0,21.1415817959824,0
Anaerococcus rubeinfantis,0,0,0,0,0,0,0,0,0,0,0,0,0,0,0,0,0,0,35.0529357853514,0
Anaerococcus vaginalis,0,0,0,0,0,0,0,0,0,0,0,0,0,0,0,0,0,0,3234.82779926029,0
Anaerotignum lactatifermentans,0,0,0,0,0,0,0,0,0,0,0,0,0,0,0,0,0,0,14.0228819751567,0
Bacteroides fragilis,0,0,0,0,0,0,0,0,0,0,0,0,0,0,0,0,0,0,157.256128516253,0
Bacteroides sp. A1C1,0,0,0,0,0,0,0,0,0,0,0,0,0,0,0,0,0,0,61.0997000346026,0
Bacteroides xylanisolvens,0,0,0,0,0,0,0,0,0,0,0,0,0,0,0,0,0,0,31.843586710723,0
Coprobacillus cateniformis,0,0,0,0,0,0,0,0,0,0,0,0,0,0,0,0,0,0,12.0196131215629,0
Dialister invisus,0,0,0,0,0,0,0,0,0,0,0,0,0,0,0,0,0,0,94.4802161056032,0
Dialister pneumosintes,0,0,0,0,0,0,0,0,0,0,0,0,0,0,0,0,0,0,11.017978694766,0
Dialister propionicifaciens,0,0,0,0,0,0,0,0,0,0,0,0,0,0,0,0,0,0,911.160748398493,0
Enterococcus avium,0,0,0,0,0,0,0,0,0,0,0,0,0,0,0,0,0,0,13.0212475483598,0
Ezakiella coagulans,0,0,0,0,0,0,0,0,0,0,0,0,0,0,0,0,0,0,97.1585374740986,0
Finegoldia magna,0,0,0,0,0,0,0,0,0,0,0,0,0,0,0,0,0,0,5964.18178573573,0
Gemella sanguinis,0,0,0,0,0,0,0,0,0,0,0,0,0,0,0,0,0,0,23.0375918163289,0
Hungatella effluvii,0,0,0,0,0,0,0,0,0,0,0,0,0,0,0,0,0,0,14.0011033953949,0
Levyella massiliensis,0,0,0,0,0,0,0,0,0,0,0,0,0,0,0,0,0,0,898.453081343978,0
Parvimonas micra,0,0,0,0,0,0,0,0,0,0,0,0,0,0,0,0,0,0,12.0196131308075,0
Peptoniphilus gorbachii,0,0,0,0,0,0,0,0,0,0,0,0,0,0,0,0,0,0,81.7070133959625,0
Peptoniphilus grossensis,0,0,0,0,0,0,0,0,0,0,0,0,0,0,0,0,0,0,126.4780298273,0
Peptoniphilus harei,0,0,0,0,0,0,0,0,0,0,0,0,0,0,0,0,0,0,58.872519131609,0
Peptoniphilus koenoeneniae,0,0,0,0,0,0,0,0,0,0,0,0,0,0,0,0,0,0,48.0784524862516,0
Peptoniphilus lacrimalis,0,0,0,0,0,0,0,0,0,0,0,0,0,0,0,0,0,0,1609.09073480812,0
Peptoniphilus obesi,0,0,0,0,0,0,0,0,0,0,0,0,0,0,0,0,0,0,24.0360948064535,0
Peptostreptococcus anaerobius,0,0,0,0,0,0,0,0,0,0,0,0,0,0,0,0,0,0,541.884205383006,0
Porphyromonas bennonis,0,0,0,0,0,0,0,0,0,0,0,0,0,0,0,0,0,0,13.0212475483598,0
Porphyromonas circumdentaria,0,0,0,0,0,0,0,0,0,0,0,0,0,0,0,0,0,0,36.0588393646887,0
Streptococcus anginosus,0,0,0,0,0,0,0,0,0,0,0,0,0,0,0,0,0,0,504.590332779272,0
Streptococcus constellatus,0,0,0,0,0,0,0,0,0,0,0,0,0,0,0,0,0,0,21.4902160629401,0
Streptococcus mitis,0,0,0,0,0,0,0,0,0,0,0,0,0,0,0,0,0,0,41.7614959136297,0
Streptococcus parasanguinis,0,0,0,0,0,0,0,0,0,0,0,0,0,0,0,0,0,0,37.5137205627227,0
Streptococcus periodonticum,0,0,0,0,0,0,0,0,0,0,0,0,0,0,0,0,0,0,1899.84673407549,0
Streptococcus vestibularis,0,0,0,0,0,0,0,0,0,0,0,0,0,0,0,0,0,0,13.362441076472,0
Thomasclavelia saccharogumia,0,0,0,0,0,0,0,0,0,0,0,0,0,0,0,0,0,0,13.0212475483598,0
Varibaculum cambriense,0,0,0,0,0,0,0,0,0,0,0,0,0,0,0,0,0,0,39.0637426450794,0
[Clostridium] scindens,0,0,0,0,0,0,0,0,0,0,0,0,0,0,0,0,0,0,13.0025904904861,28.0232276608796
[Ruminococcus] torques,0,0,0,0,0,0,0,0,0,0,0,0,0,0,0,0,0,0,181.797152927915,173.855353303792
Acidaminococcus intestini,0,0,0,0,0,0,0,0,0,0,0,0,0,0,0,0,0,0,0,14.0110425849003
Bacteroides caccae,0,0,0,0,0,0,0,0,0,0,0,0,0,0,0,0,0,0,0,11.0086763167074
[Clostridium] symbiosum,0,0,0,0,0,0,0,0,0,0,0,0,0,0,0,0,0,0,0,14.9637529512612
